-1.678144680812055E-4,0.9998911953763433,-16.78144680812055
-0.0018459680735876225,0.9988031270586842,-16.781609075761473
-0.0035241379060307267,0.9977150185943704,-16.78177134654051
-0.0052023239657243365,0.9966268699845229,-16.781933620457757
-0.006880526252982275,0.995538681230262,-16.782095897513297
-0.008558744768118378,0.9944504523327091,-16.782258177707217
-0.01023697951144649,0.9933621832929848,-16.782420461039614
-0.011915230483280461,0.9922738741122098,-16.78258274751058
-0.013593497683934157,0.9911855247915053,-16.782745037120204
-0.015271781113721444,0.9900971353319922,-16.782907329868575
-0.016950080772956205,0.9890087057347916,-16.783069625755786
-0.018628396661952325,0.9879202360010243,-16.783231924781926
-0.020306728781023704,0.9868317261318115,-16.78339422694709
-0.02198507713048425,0.9857431761282743,-16.783556532251367
-0.023663441710647878,0.9846545859915338,-16.78371884069485
-0.025341822521828514,0.9835659557227111,-16.78388115227763
-0.027020219564340097,0.9824772853229276,-16.784043466999798
-0.028698632838496562,0.9813885747933045,-16.784205784861438
-0.030377062344611874,0.980299824134963,-16.78436810586265
-0.032055508082999985,0.9792110333490243,-16.78453043000352
-0.03373397005397486,0.9781222024366096,-16.784692757284144
-0.0354124482578505,0.9770333313988405,-16.78485508770461
-0.03709094269494088,0.9759444202368386,-16.78501742126501
-0.038769453365559994,0.9748554689517249,-16.785179757965434
-0.04044798027002187,0.9737664775446213,-16.785342097805973
-0.04212652340864049,0.9726774460166487,-16.78550444078672
-0.043805082781729905,0.9715883743689289,-16.78566678690777
-0.04548365838960415,0.9704992626025835,-16.785829136169202
-0.047162250232577266,0.969410110718734,-16.785991488571117
-0.048840858310963305,0.9683209187185021,-16.786153844113603
-0.05051948262507633,0.9672316866030096,-16.786316202796748
-0.05219812317523042,0.966142414373378,-16.786478564620648
-0.05387677996173964,0.9650531020307288,-16.78664092958539
-0.05555545298491808,0.963963749576184,-16.78680329769107
-0.05723414224507984,0.9628743570108653,-16.786965668937775
-0.05891284774253903,0.9617849243358949,-16.7871280433256
-0.060591569477609776,0.9606954515523942,-16.78729042085463
-0.06227030745060619,0.9596059386614851,-16.787452801524967
-0.06394906166184242,0.9585163856642895,-16.78761518533669
-0.0656278321116326,0.9574267925619296,-16.787777572289897
-0.06730661880029089,0.9563371593555273,-16.78793996238468
-0.06898542172813144,0.9552474860462045,-16.788102355621128
-0.07066424089546844,0.9541577726350833,-16.78826475199933
-0.07234307630261606,0.9530680191232855,-16.788427151519375
-0.0740219279498885,0.9519782255119336,-16.788589554181364
-0.07570079583759995,0.9508883918021495,-16.78875195998538
-0.07737967996606461,0.9497985179950557,-16.788914368931515
-0.0790585803355967,0.9487086040917739,-16.789076781019862
-0.08073749694651046,0.9476186500934267,-16.789239196250517
-0.0824164297991201,0.9465286560011362,-16.789401614623564
-0.0840953788937399,0.9454386218160251,-16.789564036139097
-0.0857743442306841,0.9443485475392152,-16.78972646079721
-0.08745332581026694,0.943258433171829,-16.789888888597982
-0.08913232363280268,0.9421682787149892,-16.790051319541515
-0.09081133769860567,0.9410780841698181,-16.7902137536279
-0.09249036800799014,0.9399878495374379,-16.790376190857227
-0.09416941456127041,0.9388975748189711,-16.79053863122958
-0.09584847735876079,0.9378072600155404,-16.790701074745066
-0.0975275564007756,0.9367169051282683,-16.790863521403768
-0.09920665168762915,0.9356265101582776,-16.791025971205777
-0.10088576321963577,0.9345360751066908,-16.791188424151173
-0.10256489099710983,0.9334455999746305,-16.791350880240067
-0.1042440350203657,0.9323550847632194,-16.791513339472537
-0.10592319528971769,0.9312645294735805,-16.79167580184868
-0.10760237180548023,0.9301739341068361,-16.791838267368597
-0.10928156456796766,0.9290832986641093,-16.792000736032357
-0.11096077357749438,0.927992623146523,-16.792163207840062
-0.11263999883437481,0.9269019075551997,-16.792325682791805
-0.11431924033892335,0.9258111518912625,-16.792488160887675
-0.11599849809145439,0.9247203561558341,-16.792650642127764
-0.11767777209228236,0.9236295203500376,-16.79281312651217
-0.11935706234172173,0.9225386444749964,-16.79297561404097
-0.12103636884008694,0.9214477285318329,-16.79313810471426
-0.1227156915876924,0.9203567725216704,-16.793300598532134
-0.1243950305848526,0.919265776445632,-16.793463095494687
-0.12607438583188205,0.9181747403048409,-16.793625595602006
-0.12775375732909514,0.9170836641004201,-16.793788098854183
-0.1294331450768064,0.915992547833493,-16.793950605251307
-0.13111254907533038,0.9149013915051825,-16.79411311479348
-0.1327919693249816,0.9138101951166119,-16.794275627480776
-0.1344714058260745,0.9127189586689048,-16.794438143313297
-0.13615085857892364,0.9116276821631842,-16.794600662291135
-0.13783032758384361,0.9105363656005733,-16.79476318441438
-0.1395098128411489,0.9094450089821959,-16.794925709683117
-0.14118931435115406,0.9083536123091752,-16.795088238097442
-0.14286883211417367,0.9072621755826347,-16.795250769657446
-0.1445483661305223,0.9061706988036976,-16.795413304363226
-0.14622791640051452,0.9050791819734878,-16.795575842214866
-0.1479074829244649,0.9039876250931288,-16.79573838321246
-0.14958706570268812,0.902896028163744,-16.795900927356097
-0.1512666647354987,0.9018043911864572,-16.79606347464587
-0.15294628002321126,0.9007127141623915,-16.79622602508188
-0.1546259115661405,0.8996209970926712,-16.7963885786642
-0.15630555936460105,0.8985292399784196,-16.796551135392935
-0.15798522341890753,0.8974374428207608,-16.796713695268167
-0.15966490372937459,0.8963456056208182,-16.796876258290002
-0.1613446002963169,0.8952537283797157,-16.79703882445851
-0.1630243131200491,0.8941618110985774,-16.7972013937738
-0.16470404220088597,0.893069853778527,-16.797363966235952
-0.16638378753914207,0.8919778564206884,-16.79752654184507
-0.1680635491351322,0.8908858190261855,-16.797689120601238
-0.16974332698917102,0.8897937415961423,-16.79785170250454
-0.17142312110157332,0.8887016241316826,-16.798014287555077
-0.1731029314726537,0.8876094666339307,-16.798176875752937
-0.17478275810272703,0.8865172691040107,-16.798339467098213
-0.17646260099210795,0.8854250315430464,-16.798502061591
-0.17814246014111126,0.884332753952162,-16.798664659231385
-0.17982233555005178,0.883240436332482,-16.798827260019454
-0.18150222721924422,0.8821480786851301,-16.798989863955306
-0.18318213514900336,0.881055681011231,-16.79915247103903
-0.184862059339644,0.8799632433119086,-16.79931508127072
-0.18654199979148098,0.8788707655882873,-16.799477694650466
-0.1882219565048291,0.8777782478414916,-16.799640311178358
-0.18990192948000315,0.8766856900726456,-16.79980293085449
-0.19158191871731797,0.8755930922828737,-16.799965553678945
-0.19326192421708838,0.8745004544733003,-16.800128179651825
-0.1949419459796293,0.87340777664505,-16.80029080877322
-0.19662198400525555,0.8723150587992472,-16.800453441043217
-0.1983020382942819,0.8712223009370165,-16.800616076461907
-0.1999821088470233,0.8701295030594826,-16.80077871502938
-0.20166219566379467,0.8690366651677699,-16.800941356745735
-0.20334229874491083,0.8679437872630029,-16.801104001611062
-0.20502241809068672,0.8668508693463066,-16.801266649625447
-0.20670255370143728,0.8657579114188053,-16.801429300788985
-0.2083827055774774,0.8646649134816239,-16.80159195510177
-0.21006287371912202,0.8635718755358871,-16.80175461256389
-0.2117430581266861,0.8624787975827197,-16.80191727317543
-0.2134232588004845,0.8613856796232464,-16.802079936936494
-0.21510347574083225,0.860292521658592,-16.802242603847173
-0.2167837089480443,0.8591993236898817,-16.802405273907553
-0.21846395842243563,0.8581060857182404,-16.802567947117716
-0.2201442241643212,0.8570128077447927,-16.80273062347777
-0.221824506174016,0.8559194897706638,-16.802893302987798
-0.2235048044518351,0.8548261317969786,-16.803055985647894
-0.22518511899809343,0.8537327338248621,-16.803218671458158
-0.2268654498131061,0.8526392958554395,-16.803381360418662
-0.22854579689718812,0.8515458178898361,-16.803544052529507
-0.23022616025065445,0.8504522999291767,-16.803706747790788
-0.23190653987382018,0.8493587419745866,-16.80386944620259
-0.2335869357670004,0.8482651440271911,-16.804032147765014
-0.23526734793051016,0.8471715060881153,-16.804194852478144
-0.23694777636466455,0.8460778281584845,-16.80435756034207
-0.2386282210697786,0.844984110239424,-16.80452027135689
-0.2403086820461674,0.8438903523320591,-16.804682985522692
-0.24198915929414608,0.8427965544375153,-16.80484570283957
-0.24366965281402977,0.8417027165569181,-16.805008423307616
-0.2453501626061336,0.8406088386913927,-16.805171146926916
-0.24703068867077269,0.8395149208420646,-16.805333873697567
-0.24871123100826217,0.8384209630100591,-16.805496603619655
-0.25039178961891717,0.8373269651965022,-16.805659336693274
-0.2520723645030529,0.8362329274025191,-16.805822072918517
-0.2537529556609845,0.8351388496292359,-16.805984812295474
-0.25543356309302717,0.8340447318777776,-16.80614755482424
-0.2571141867994961,0.8329505741492701,-16.806310300504897
-0.2587948267807063,0.8318563764448392,-16.806473049337548
-0.26047548303697327,0.8307621387656104,-16.806635801322276
-0.26215615556861205,0.8296678611127097,-16.806798556459185
-0.26383684437593785,0.8285735434872629,-16.80696131474836
-0.26551754945926603,0.8274791858903956,-16.807124076189886
-0.26719827081891173,0.8263847883232339,-16.807286840783856
-0.26887900845519014,0.8252903507869035,-16.807449608530366
-0.2705597623684165,0.8241958732825303,-16.807612379429507
-0.27224053255890635,0.8231013558112407,-16.807775153481373
-0.27392131902697464,0.8220067983741601,-16.807937930686048
-0.27560212177293686,0.8209122009724147,-16.808100711043632
-0.27728294079710825,0.8198175636071307,-16.808263494554204
-0.2789637760998042,0.8187228862794339,-16.808426281217873
-0.28064462768133985,0.8176281689904509,-16.80858907103472
-0.2823254955420307,0.8165334117413078,-16.808751864004844
-0.2840063796821919,0.8154386145331303,-16.80891466012833
-0.28568728010213895,0.8143437773670449,-16.80907745940527
-0.2873681968021871,0.8132489002441777,-16.809240261835757
-0.28904912978265174,0.8121539831656553,-16.80940306741988
-0.2907300790438484,0.8110590261326038,-16.809565876157734
-0.2924110445860922,0.8099640291461496,-16.80972868804941
-0.2940920264096985,0.8088689922074191,-16.809891503095002
-0.2957730245149829,0.807773915317539,-16.810054321294597
-0.2974540389022608,0.8066787984776354,-16.810217142648288
-0.29913506957184754,0.8055836416888346,-16.810379967156166
-0.3008161165240586,0.8044884449522632,-16.810542794818325
-0.30249717975920937,0.8033932082690483,-16.810705625634853
-0.3041782592776152,0.8022979316403158,-16.810868459605842
-0.3058593550795917,0.8012026150671926,-16.811031296731393
-0.30754046716545425,0.8001072585508054,-16.811194137011586
-0.30922159553551837,0.7990118620922807,-16.811356980446515
-0.3109027401900995,0.7979164256927453,-16.81151982703628
-0.3125839011295131,0.796820949353326,-16.811682676780958
-0.31426507835407463,0.7957254330751495,-16.811845529680657
-0.3159462718640996,0.7946298768593428,-16.812008385735467
-0.3176274816599037,0.7935342807070326,-16.812171244945464
-0.3193087077418023,0.7924386446193457,-16.81233410731075
-0.32098995011011094,0.7913429685974088,-16.81249697283142
-0.3226712087651452,0.7902472526423494,-16.812659841507546
-0.32435248370722064,0.7891514967552941,-16.81282271333925
-0.3260337749366528,0.7880557009373699,-16.812985588326608
-0.32771508245375736,0.7869598651897041,-16.81314846646971
-0.3293964062588497,0.7858639895134235,-16.813311347768646
-0.33107774635224557,0.7847680739096554,-16.81347423222352
-0.33275910273426046,0.7836721183795268,-16.813637119834414
-0.33444047540521005,0.782576122924165,-16.81380001060142
-0.33612186436541003,0.7814800875446969,-16.81396290452463
-0.33780326961517587,0.78038401224225,-16.814125801604142
-0.33948469115482316,0.7792878970179512,-16.81428870184004
-0.3411661289846677,0.7781917418729285,-16.814451605232428
-0.34284758310502494,0.7770955468083086,-16.81461451178138
-0.3445290535162108,0.7759993118252192,-16.814777421486998
-0.3462105402185409,0.7749030369247875,-16.814940334349373
-0.3478920432123309,0.7738067221081409,-16.81510325036859
-0.3495735624978964,0.7727103673764073,-16.815266169544746
-0.35125509807555316,0.771613972730714,-16.815429091877935
-0.35293664994561685,0.770517538172188,-16.815592017368246
-0.3546182181084032,0.7694210637019576,-16.815754946015772
-0.35629980256422805,0.7683245493211499,-16.815917877820603
-0.35798140331340694,0.7672279950308927,-16.816080812782836
-0.35966302035625575,0.7661314008323136,-16.816243750902558
-0.3613446536930902,0.7650347667265405,-16.816406692179857
-0.3630263033242261,0.7639380927147009,-16.816569636614837
-0.3647079692499792,0.7628413787979226,-16.81673258420758
-0.36638965147066527,0.7617446249773333,-16.81689553495818
-0.36807134998659996,0.7606478312540611,-16.817058488866735
-0.3697530647980992,0.7595509976292336,-16.817221445933324
-0.3714347959054789,0.7584541241039788,-16.81738440615805
-0.3731165433090547,0.7573572106794247,-16.817547369541
-0.3747983070091425,0.7562602573566992,-16.817710336082275
-0.37648008700605823,0.7551632641369304,-16.817873305781944
-0.3781618833001176,0.754066231021246,-16.81803627864012
-0.37984369589163647,0.7529691580107745,-16.818199254656882
-0.3815255247809308,0.7518720451066436,-16.818362233832335
-0.3832073699683164,0.7507748923099815,-16.818525216166556
-0.3848892314541091,0.7496776996219163,-16.818688201659644
-0.38657110923862487,0.7485804670435763,-16.81885119031169
-0.3882530033221796,0.7474831945760896,-16.819014182122785
-0.38993491370508915,0.7463858822205847,-16.819177177093025
-0.3916168403876695,0.7452885299781896,-16.8193401752225
-0.3932987833702366,0.744191137850033,-16.8195031765113
-0.39498074265310634,0.7430937058372431,-16.819666180959523
-0.3966627182365946,0.741996233940948,-16.819829188567255
-0.39834471012101746,0.7408987221622761,-16.81999219933459
-0.40002671830669084,0.7398011705023562,-16.820155213261614
-0.40170874279393076,0.7387035789623165,-16.820318230348427
-0.4033907835830531,0.7376059475432858,-16.820481250595115
-0.4050728406743739,0.7365082762463924,-16.820644274001772
-0.4067549140682092,0.7354105650727651,-16.82080730056849
-0.40843700376487496,0.7343128140235324,-16.820970330295363
-0.4101191097646872,0.7332150230998229,-16.821133363182486
-0.41180123206796193,0.7321171923027653,-16.821296399229944
-0.4134833706750152,0.7310193216334883,-16.821459438437824
-0.41516552558616326,0.7299214110931206,-16.821622480806226
-0.416847696801722,0.7288234606827909,-16.821785526335244
-0.4185298843220074,0.727725470403628,-16.821948575024965
-0.4202120881473356,0.7266274402567611,-16.822111626875476
-0.42189430827802277,0.7255293702433189,-16.822274681886885
-0.42357654471438483,0.7244312603644301,-16.82243774005927
-0.42525879745673806,0.7233331106212237,-16.82260080139273
-0.4269410665053985,0.722234921014829,-16.822763865887367
-0.4286233518606822,0.7211366915463747,-16.822926933543243
-0.43030565352290534,0.7200384222169898,-16.82309000436047
-0.4319879714923841,0.7189401130278036,-16.823253078339135
-0.43367030576943466,0.717841763979945,-16.82341615547933
-0.4353526563543731,0.7167433750745432,-16.82357923578115
-0.4370350232475157,0.7156449463127276,-16.823742319244687
-0.43871740644917856,0.714546477695627,-16.823905405870036
-0.4403998059596778,0.7134479692243707,-16.82406849565728
-0.4420822217793297,0.7123494209000882,-16.82423158860652
-0.4437646539084503,0.7112508327239088,-16.82439468471784
-0.44544710234735607,0.7101522046969616,-16.824557783991338
-0.44712956709636303,0.7090535368203762,-16.8247208864271
-0.44881204815578757,0.7079548290952817,-16.824883992025228
-0.4504945455259458,0.706856081522808,-16.8250471007858
-0.45217705920715395,0.705757294104084,-16.82521021270892
-0.45385958919972846,0.7046584668402397,-16.825373327794676
-0.45554213550398553,0.7035595997324041,-16.82553644604316
-0.4572246981202414,0.7024606927817072,-16.82569956745446
-0.4589072770488124,0.7013617459892787,-16.82586269202867
-0.4605898722900147,0.7002627593562478,-16.826025819765885
-0.46227248384416464,0.6991637328837446,-16.826188950666197
-0.46395511171157866,0.6980646665728983,-16.82635208472969
-0.46563775589257295,0.6969655604248389,-16.826515221956477
-0.46732041638746397,0.6958664144406962,-16.826678362346627
-0.4690030931965679,0.6947672286215998,-16.82684150590024
-0.47068578632020125,0.69366800296868,-16.827004652617408
-0.4723684957586804,0.6925687374830661,-16.82716780249823
-0.4740512215123216,0.6914694321658885,-16.82733095554278
-0.47573396358144115,0.6903700870182766,-16.827494111751168
-0.47741672196635565,0.6892707020413609,-16.827657271123478
-0.4790994966673814,0.6881712772362709,-16.8278204336598
-0.48078228768483483,0.6870718126041367,-16.82798359936023
-0.4824650950190323,0.6859723081460887,-16.82814676822486
-0.4841479186702903,0.6848727638632567,-16.828309940253785
-0.48583075863892516,0.6837731797567708,-16.828473115447093
-0.48751361492525347,0.6826735558277612,-16.828636293804877
-0.4891964875295916,0.6815738920773583,-16.828799475327227
-0.490879376452256,0.6804741885066922,-16.828962660014234
-0.4925622816935631,0.679374445116893,-16.829125847865996
-0.4942452032538294,0.6782746619090911,-16.829289038882603
-0.4959281411333715,0.6771748388844168,-16.829452233064142
-0.49761109533250586,0.6760749760440004,-16.829615430410716
-0.4992940658515489,0.6749750733889722,-16.82977863092241
-0.5009770526908172,0.673875130920463,-16.829941834599314
-0.5026600558506271,0.6727751486396031,-16.830105041441524
-0.5043430753312956,0.6716751265475226,-16.83026825144913
-0.506026111133139,0.6705750646453524,-16.83043146462222
-0.5077091632564736,0.6694749629342232,-16.830594680960893
-0.5093922317016163,0.668374821415265,-16.830757900465237
-0.5110753164688834,0.6672746400896091,-16.83092112313534
-0.5127584175585919,0.6661744189583858,-16.831084348971302
-0.514441534971058,0.6650741580227257,-16.83124757797322
-0.5161246687065985,0.6639738572837598,-16.831410810141175
-0.5178078187655298,0.6628735167426184,-16.83157404547526
-0.5194909851481687,0.6617731364004324,-16.831737283975574
-0.5211741678548318,0.6606727162583329,-16.83190052564221
-0.5228573668858357,0.6595722563174506,-16.83206377047526
-0.524540582241497,0.6584717565789164,-16.832227018474796
-0.5262238139221326,0.6573712170438614,-16.832390269640936
-0.5279070619280588,0.6562706377134161,-16.83255352397376
-0.5295903262595926,0.6551700185887118,-16.832716781473362
-0.5312736069170505,0.6540693596708794,-16.83288004213983
-0.5329569039007491,0.65296866096105,-16.833043305973266
-0.5346402172110053,0.6518679224603546,-16.833206572973758
-0.5363235468481357,0.6507671441699242,-16.83336984314139
-0.5380068928124572,0.6496663260908903,-16.83353311647626
-0.5396902551042865,0.6485654682243838,-16.833696392978467
-0.5413736337239401,0.647464570571536,-16.833859672648096
-0.5430570286717347,0.646363633133478,-16.83402295548524
-0.5447404399479873,0.6452626559113412,-16.834186241489988
-0.5464238675530145,0.6441616389062572,-16.83434953066244
-0.5481073114871334,0.6430605821193567,-16.834512823002683
-0.5497907717506605,0.6419594855517713,-16.83467611851081
-0.5514742483439126,0.6408583492046327,-16.834839417186913
-0.5531577412672063,0.6397571730790721,-16.83500271903109
-0.554841250520859,0.6386559571762209,-16.83516602404342
-0.5565247761051871,0.6375547014972109,-16.835329332224017
-0.5582083180205074,0.6364534060431734,-16.835492643572948
-0.559891876267137,0.63535207081524,-16.835655958090314
-0.5615754508453925,0.6342506958145424,-16.83581927577621
-0.563259041755591,0.633149281042212,-16.83598259663074
-0.564942648998049,0.6320478264993808,-16.83614592065397
-0.5666262725730837,0.6309463321871804,-16.83630924784601
-0.568309912481012,0.6298447981067423,-16.836472578206948
-0.5699935687221506,0.6287432242591986,-16.83663591173687
-0.5716772412968165,0.6276416106456809,-16.83679924843588
-0.5733609302053267,0.6265399572673208,-16.836962588304065
-0.575044635447998,0.6254382641252506,-16.837125931341514
-0.5767283570251472,0.6243365312206022,-16.837289277548326
-0.5784120949370916,0.6232347585545074,-16.83745262692459
-0.5800958491841479,0.6221329461280979,-16.8376159794704
-0.5817796197666332,0.6210310939425061,-16.83777933518585
-0.5834634066848643,0.6199292019988638,-16.837942694071028
-0.5851472099391581,0.6188272702983032,-16.838106056126023
-0.5868310295298318,0.6177252988419563,-16.838269421350933
-0.5885148654572026,0.6166232876309553,-16.838432789745852
-0.590198717721587,0.6155212366664323,-16.838596161310868
-0.5918825863233024,0.6144191459495196,-16.83875953604607
-0.5935664712626655,0.6133170154813492,-16.838922913951553
-0.5952503725399937,0.6122148452630534,-16.839086295027407
-0.5969342901556038,0.6111126352957645,-16.839249679273728
-0.5986182241098131,0.6100103855806152,-16.839413066690607
-0.6003021744029382,0.6089080961187375,-16.83957645727814
-0.6019861410352966,0.6078057669112641,-16.839739851036416
-0.6036701240072052,0.6067033979593273,-16.839903247965527
-0.6053541233189811,0.6056009892640593,-16.840066648065573
-0.6070381389709413,0.6044985408265924,-16.840230051336636
-0.6087221709634032,0.6033960526480595,-16.84039345777881
-0.6104062192966837,0.6022935247295934,-16.840556867392188
-0.6120902839711001,0.6011909570723266,-16.840720280176864
-0.6137743649869691,0.6000883496773913,-16.840883696132934
-0.6154584623446081,0.5989857025459207,-16.84104711526048
-0.6171425760443344,0.597883015679047,-16.841210537559604
-0.6188267060864652,0.5967802890779033,-16.841373963030392
-0.6205108524713173,0.5956775227436221,-16.84153739167294
-0.6221950151992083,0.5945747166773363,-16.84170082348734
-0.623879194270455,0.5934718708801786,-16.841864258473684
-0.6255633896853748,0.5923689853532821,-16.842027696632066
-0.6272476014442852,0.5912660600977795,-16.842191137962573
-0.6289318295475029,0.5901630951148036,-16.8423545824653
-0.6306160739953454,0.5890600904054875,-16.842518030140344
-0.6323003347881297,0.5879570459709644,-16.842681480987792
-0.6339846119261733,0.586853961812367,-16.842844935007744
-0.6356689054097935,0.5857508379308285,-16.843008392200282
-0.6373532152393073,0.5846476743274819,-16.843171852565497
-0.6390375414150323,0.5835444710034606,-16.84333531610349
-0.6407218839372856,0.5824412279598977,-16.84349878281436
-0.6424062428063845,0.581337945197926,-16.84366225269818
-0.6440906180226461,0.5802346227186789,-16.84382572575505
-0.6457750095863881,0.5791312605232897,-16.843989201985067
-0.6474594174979277,0.5780278586128915,-16.844152681388312
-0.6491438417575821,0.576924416988618,-16.844316163964898
-0.6508282823656687,0.5758209356516023,-16.844479649714902
-0.6525127393225049,0.5747174146029778,-16.84464313863842
-0.6541972126284077,0.573613853843878,-16.844806630735544
-0.6558817022836951,0.5725102533754364,-16.844970126006366
-0.6575662082886841,0.571406613198786,-16.845133624450984
-0.6592507306436919,0.570302933315061,-16.845297126069482
-0.6609352693490363,0.5691992137253946,-16.845460630861954
-0.6626198244050344,0.5680954544309205,-16.845624138828498
-0.6643043958120037,0.5669916554327723,-16.845787649969203
-0.6659889835702617,0.5658878167320834,-16.845951164284163
-0.667673587680126,0.5647839383299876,-16.846114681773468
-0.6693582081419136,0.5636800202276188,-16.846278202437208
-0.6710428449559421,0.5625760624261106,-16.84644172627548
-0.6727274981225292,0.561472064926597,-16.84660525328837
-0.674412167641992,0.5603680277302112,-16.84676878347598
-0.6760968535146482,0.5592639508380874,-16.846932316838398
-0.6777815557408153,0.55815983425136,-16.84709585337572
-0.679466274320811,0.5570556779711621,-16.847259393088034
-0.6811510092549524,0.555951481998628,-16.84742293597543
-0.6828357605435571,0.5548472463348917,-16.847586482038007
-0.6845205281869429,0.5537429709810872,-16.84775003127585
-0.6862053121854268,0.5526386559383483,-16.847913583689063
-0.687890112539327,0.5515343012078094,-16.848077139277727
-0.6895749292489605,0.5504299067906048,-16.848240698041938
-0.6912597623146453,0.5493254726878681,-16.84840425998179
-0.6929446117366987,0.5482209989007338,-16.848567825097373
-0.6946294775154384,0.5471164854303361,-16.848731393388782
-0.6963143596511817,0.546011932277809,-16.848894964856107
-0.6979992581442466,0.544907339444287,-16.849058539499445
-0.6996841729949504,0.5438027069309045,-16.849222117318895
-0.701369104203611,0.5426980347387955,-16.849385698314528
-0.7030540517705457,0.5415933228690946,-16.84954928248645
-0.7047390156960722,0.5404885713229362,-16.84971286983475
-0.7064239959805082,0.5393837801014547,-16.849876460359525
-0.7081089926241715,0.5382789492057847,-16.85004005406087
-0.7097940056273797,0.5371740786370603,-16.85020365093887
-0.7114790349904504,0.5360691683964165,-16.850367250993624
-0.7131640807137014,0.5349642184849878,-16.85053085422522
-0.71484914279745,0.5338592289039086,-16.85069446063375
-0.7165342212420143,0.5327541996543138,-16.85085807021931
-0.7182193160477117,0.5316491307373378,-16.85102168298199
-0.7199044272148605,0.5305440221541154,-16.85118529892188
-0.721589554743778,0.5294388739057814,-16.851348918039076
-0.723274698634782,0.5283336859934703,-16.85151254033367
-0.7249598588881901,0.5272284584183171,-16.851676165805745
-0.7266450355043204,0.5261231911814567,-16.851839794455415
-0.7283302284834903,0.5250178842840239,-16.852003426282756
-0.7300154378260175,0.5239125377271536,-16.85216706128787
-0.7317006635322203,0.5228071515119809,-16.852330699470855
-0.733385905602416,0.5217017256396408,-16.85249434083178
-0.7350711640369227,0.5205962601112681,-16.85265798537075
-0.736756438836058,0.5194907549279979,-16.852821633087864
-0.7384417300001399,0.5183852100909653,-16.8529852839832
-0.7401270375294859,0.5172796256013052,-16.85314893805687
-0.7418123614244143,0.5161740014601529,-16.85331259530895
-0.7434977016852428,0.5150683376686436,-16.85347625573954
-0.745183058312289,0.5139626342279124,-16.853639919348737
-0.7468684313058709,0.5128568911390946,-16.85380358613662
-0.7485538206663065,0.5117511084033254,-16.8539672561033
-0.7502392263939134,0.5106452860217403,-16.854130929248853
-0.75192464848901,0.5095394239954745,-16.85429460557338
-0.7536100869519137,0.5084335223256631,-16.85445828507697
-0.7552955417829427,0.5073275810134419,-16.85462196775972
-0.7569810129824149,0.5062216000599461,-16.85478565362172
-0.7586665005506482,0.5051155794663114,-16.854949342663062
-0.7603520044879605,0.5040095192336731,-16.85511303488384
-0.7620375247946697,0.5029034193631667,-16.855276730284146
-0.7637230614710939,0.5017972798559279,-16.855440428864064
-0.7654086145175508,0.5006911007130922,-16.8556041306237
-0.7670941839343588,0.4995848819357952,-16.85576783556314
-0.7687797697218354,0.49847862352517275,-16.85593154368248
-0.770465371880299,0.4973723254823604,-16.856095254981806
-0.7721509904100674,0.49626598780849374,-16.856258969461226
-0.7738366253114586,0.4951596105047088,-16.85642268712082
-0.7755222765847907,0.4940531935721412,-16.856586407960684
-0.7772079442303816,0.49294673701192687,-16.85675013198091
-0.7788936282485496,0.49184024082520167,-16.856913859181592
-0.7805793286396125,0.49073370501310143,-16.857077589562817
-0.7822650454038885,0.4896271295767622,-16.85724132312468
-0.7839507785416957,0.4885205145173198,-16.857405059867272
-0.7856365280533518,0.4874138598359103,-16.85756879979069
-0.7873222939391752,0.4863071655336697,-16.857732542895032
-0.7890080761994841,0.48520043161173404,-16.85789628918038
-0.7906938748345965,0.4840936580712394,-16.85806003864683
-0.7923796898448306,0.4829868449133219,-16.858223791294478
-0.7940655212305046,0.4818799921391178,-16.858387547123417
-0.7957513689919362,0.48077309974976323,-16.858551306133737
-0.797437233129444,0.4796661677463944,-16.85871506832553
-0.7991231136433459,0.4785591961301476,-16.85887883369889
-0.8008090105339603,0.47745218490215907,-16.859042602253904
-0.8024949238016048,0.4763451340635652,-16.85920637399067
-0.8041808534465982,0.47523804361550237,-16.85937014890929
-0.8058667994692584,0.4741309135591068,-16.859533927009846
-0.8075527618699038,0.4730237438955151,-16.859697708292433
-0.8092387406488524,0.4719165346258637,-16.859861492757137
-0.8109247358064224,0.47080928575128905,-16.86002528040406
-0.8126107473429323,0.4697019972729277,-16.860189071233293
-0.8142967752587,0.4685946691919161,-16.860352865244923
-0.8159828195540441,0.467487301509391,-16.860516662439046
-0.8176688802292823,0.466379894226489,-16.86068046281576
-0.8193549572847334,0.46527244734434664,-16.860844266375157
-0.8210410507207155,0.46416496086410075,-16.86100807311733
-0.8227271605375468,0.46305743478688793,-16.861171883042367
-0.8244132867355457,0.4619498691138449,-16.86133569615036
-0.8260994293150306,0.4608422638461086,-16.861499512441398
-0.8277855882763195,0.4597346189848158,-16.861663331915587
-0.829471763619731,0.45862693453110337,-16.86182715457301
-0.8311579553455831,0.45751921048610816,-16.861990980413758
-0.8328441634541947,0.4564114468509672,-16.86215480943793
-0.8345303879458836,0.4553036436268172,-16.862318641645622
-0.8362166288209684,0.45419580081479527,-16.862482477036917
-0.8379028860797673,0.45308791841603846,-16.86264631561191
-0.8395891597225987,0.4519799964316839,-16.8628101573707
-0.8412754497497814,0.45087203486286853,-16.862974002313365
-0.8429617561616333,0.44976403371072965,-16.863137850440015
-0.8446480789584732,0.4486559929764042,-16.86330170175074
-0.8463344181406193,0.44754791266102945,-16.863465556245625
-0.84802077370839,0.44643979276574264,-16.863629413924766
-0.8497071456621038,0.44533163329168113,-16.863793274788257
-0.8513935340020791,0.44422343423998195,-16.86395713883619
-0.8530799387286343,0.44311519561178264,-16.864121006068665
-0.8547663598420879,0.44200691740822046,-16.864284876485765
-0.8564527973427584,0.4408985996304328,-16.864448750087583
-0.8581392512309642,0.4397902422795571,-16.86461262687422
-0.8598257215070239,0.43868184535673077,-16.864776506845757
-0.8615122081712558,0.43757340886309126,-16.864940390002293
-0.8631987112239785,0.4364649327997762,-16.865104276343924
-0.8648852306655104,0.43535641716792317,-16.86526816587074
-0.8665717664961703,0.4342478619686696,-16.86543205858284
-0.8682583187162768,0.43313926720315316,-16.86559595448031
-0.869944887326148,0.4320306328725116,-16.86575985356324
-0.8716314723261028,0.4309219589778826,-16.86592375583173
-0.8733180737164598,0.4298132455204038,-16.866087661285867
-0.8750046914975373,0.4287044925012128,-16.866251569925748
-0.8766913256696541,0.4275956999214476,-16.866415481751464
-0.8783779762331285,0.42648686778224604,-16.86657939676311
-0.8800646431882793,0.42537799608474586,-16.866743314960775
-0.8817513265354251,0.424269084830085,-16.866907236344552
-0.8834380262748847,0.42316013401940133,-16.86707116091454
-0.8851247424069763,0.4220511436538329,-16.867235088670828
-0.8868114749320191,0.42094211373451756,-16.867399019613515
-0.8884982238503313,0.4198330442625933,-16.867562953742677
-0.8901849891622317,0.4187239352391983,-16.86772689105842
-0.8918717708680387,0.4176147866654706,-16.867890831560835
-0.8935585689680713,0.41650559854254826,-16.868054775250013
-0.8952453834626481,0.41539637087156944,-16.868218722126052
-0.8969322143520878,0.41428710365367244,-16.868382672189043
-0.898619061636709,0.4131777968899953,-16.868546625439073
-0.9003059253168308,0.41206845058167635,-16.868710581876243
-0.9019928053927714,0.41095906472985394,-16.868874541500638
-0.9036797018648498,0.4098496393356663,-16.869038504312357
-0.9053666147333848,0.4087401744002518,-16.86920247031149
-0.9070535439986949,0.40763066992474883,-16.869366439498137
-0.908740489661099,0.40652112591029577,-16.86953041187238
-0.9104274517209158,0.4054115423580311,-16.869694387434315
-0.9121144301784643,0.40430191926909337,-16.869858366184033
-0.9138014250340631,0.403192256644621,-16.870022348121637
-0.9154884362880308,0.4020825544857525,-16.87018633324721
-0.9171754639406865,0.4009728127936266,-16.870350321560853
-0.9188625079923489,0.3998630315693817,-16.870514313062653
-0.920549568443337,0.39875321081415654,-16.870678307752705
-0.9222366452939692,0.39764335052908983,-16.8708423056311
-0.9239237385445648,0.39653345071532026,-16.871006306697936
-0.9256108481954421,0.3954235113739866,-16.871170310953296
-0.9272979742469206,0.39431353250622764,-16.871334318397285
-0.9289851166993189,0.39320351411318216,-16.87149832902999
-0.9306722755529557,0.39209345619598907,-16.871662342851504
-0.9323594508081503,0.39098335875578727,-16.87182635986192
-0.9340466424652212,0.3898732217937155,-16.871990380061334
-0.9357338505244874,0.3887630453109128,-16.872154403449834
-0.9374210749862678,0.38765282930851824,-16.872318430027516
-0.9391083158508814,0.38654257378767065,-16.872482459794472
-0.9407955731186473,0.38543227874950925,-16.8726464927508
-0.942482846789884,0.38432194419517296,-16.872810528896586
-0.9441701368649108,0.383211570125801,-16.87297456823192
-0.9458574433440465,0.3821011565425325,-16.873138610756904
-0.9475447662276103,0.38099070344650654,-16.873302656471626
-0.9492321055159209,0.3798802108388624,-16.873466705376188
-0.9509194612092975,0.37876967872073936,-16.873630757470675
-0.9526068333080588,0.37765910709327677,-16.87379481275518
-0.9542942218125241,0.37654849595761375,-16.873958871229792
-0.9559816267230125,0.37543784531488966,-16.87412293289461
-0.9576690480398424,0.374327155166244,-16.87428699774972
-0.9593564857633335,0.3732164255128161,-16.87445106579523
-0.9610439398938048,0.3721056563557455,-16.874615137031228
-0.9627314104315751,0.3709948476961715,-16.8747792114578
-0.9644188973769635,0.36988399953523393,-16.874943289075038
-0.9661064007302891,0.3687731118740721,-16.87510736988304
-0.9677939204918709,0.36766218471382556,-16.875271453881897
-0.9694814566620282,0.366551218055634,-16.875435541071713
-0.9711690092410802,0.36544021190063697,-16.875599631452573
-0.9728565782293457,0.36432916624997425,-16.87576372502456
-0.974544163627144,0.3632180811047856,-16.875927821787773
-0.9762317654347941,0.3621069564662106,-16.876091921742308
-0.9779193836526149,0.36099579233538903,-16.87625602488826
-0.9796070182809258,0.35988458871346085,-16.876420131225725
-0.9812946693200462,0.3587733456015658,-16.876584240754788
-0.982982336770295,0.35766206300084374,-16.87674835347554
-0.9846700206319915,0.3565507409124346,-16.876912469388085
-0.9863577209054546,0.3554393793374785,-16.87707658849251
-0.9880454375910038,0.35432797827711515,-16.877240710788904
-0.9897331706889583,0.3532165377324847,-16.877404836277375
-0.9914209201996372,0.3521050577047272,-16.877568964957995
-0.9931086861233598,0.3509935381949827,-16.877733096830873
-0.9947964684604449,0.3498819792043912,-16.877897231896096
-0.9964842672112122,0.34877038073409294,-16.878061370153755
-0.998172082375981,0.3476587427852281,-16.87822551160395
-0.9998599139550703,0.34654706535893687,-16.878389656246775
-1.0015477619487998,0.34543534845635954,-16.878553804082316
-1.0032356263574884,0.34432359207863644,-16.878717955110663
-1.0049235071814555,0.3432117962269076,-16.87888210933192
-1.0066114044210204,0.34209996090231365,-16.87904626674617
-1.008299318076502,0.3409880861059949,-16.87921042735352
-1.00998724814822,0.33987617183909163,-16.879374591154054
-1.0116751946364937,0.3387642181027444,-16.87953875814786
-1.0133631575416424,0.3376522248980936,-16.879702928335035
-1.0150511368639858,0.33654019222627984,-16.879867101715686
-1.0167391326038424,0.33542812008844364,-16.880031278289884
-1.0184271447615323,0.33431600848572557,-16.880195458057734
-1.0201151733373748,0.33320385741926617,-16.880359641019325
-1.0218032183316892,0.33209166689020614,-16.88052382717476
-1.0234912797447944,0.33097943689968606,-16.880688016524118
-1.0251793575770103,0.3298671674488467,-16.880852209067502
-1.0268674518286562,0.3287548585388288,-16.881016404805003
-1.0285555625000518,0.3276425101707732,-16.881180603736706
-1.030243689591516,0.32653012234582074,-16.881344805862714
-1.0319318331033687,0.3254176950651121,-16.88150901118312
-1.0336199930359287,0.32430522832978836,-16.881673219698015
-1.035308169389516,0.32319272214099026,-16.881837431407494
-1.0369963621644502,0.32208017649985876,-16.882001646311647
-1.0386845713610509,0.32096759140753484,-16.882165864410567
-1.0403727969796364,0.3198549668651595,-16.88233008570435
-1.0420610390205272,0.3187423028738738,-16.88249431019309
-1.0437492974840428,0.3176295994348189,-16.882658537876875
-1.0454375723705027,0.3165168565491358,-16.882822768755805
-1.0471258636802259,0.3154040742179657,-16.88298700282997
-1.0488141714135326,0.31429125244244976,-16.883151240099465
-1.0505024955707414,0.313178391223729,-16.88331548056438
-1.0521908361521723,0.31206549056294497,-16.88347972422481
-1.0538791931581455,0.3109525504612387,-16.88364397108084
-1.05556756658898,0.3098395709197517,-16.883808221132583
-1.0572559564449955,0.3087265519396251,-16.88397247438012
-1.0589443627265114,0.30761349352200046,-16.884136730823542
-1.0606327854338475,0.3065003956680191,-16.884300990462943
-1.0623212245673237,0.3053872583788224,-16.88446525329842
-1.0640096801272587,0.3042740816555519,-16.884629519330062
-1.065698152113973,0.3031608654993491,-16.884793788557968
-1.0673866405277856,0.3020476099113556,-16.884958060982235
-1.0690751453690166,0.3009343148927129,-16.885122336602944
-1.0707636666379854,0.2998209804445627,-16.885286615420192
-1.072452204335012,0.29870760656804657,-16.885450897434076
-1.074140758460416,0.2975941932643062,-16.885615182644692
-1.0758293290145164,0.2964807405344832,-16.88577947105212
-1.0775179159976336,0.2953672483797194,-16.885943762656467
-1.0792065194100873,0.2942537168011566,-16.886108057457825
-1.0808951392521964,0.2931401457999365,-16.886272355456278
-1.0825837755242813,0.292026535377201,-16.886436656651924
-1.0842724282266616,0.290912885534092,-16.88660096104486
-1.0859610973596567,0.2897991962717514,-16.886765268635184
-1.0876497829235874,0.2886854675913211,-16.886929579422972
-1.0893384849187722,0.2875716994939432,-16.887093893408327
-1.0910272033455317,0.28645789198075944,-16.887258210591344
-1.0927159382041853,0.28534404505291205,-16.88742253097212
-1.0944046894950525,0.2842301587115431,-16.887586854550737
-1.0960934572184537,0.2831162329577948,-16.8877511813273
-1.097782241374709,0.28200226779280907,-16.88791551130189
-1.0994710419641374,0.28088826321772814,-16.888079844474607
-1.1011598589870588,0.27977421923369433,-16.88824418084555
-1.102848692443793,0.2786601358418498,-16.888408520414803
-1.1045375423346602,0.27754601304333687,-16.888572863182464
-1.1062264086599802,0.2764318508392977,-16.888737209148626
-1.107915291420073,0.27531764923087476,-16.888901558313385
-1.109604190615258,0.2742034082192104,-16.88906591067683
-1.111293106245855,0.2730891278054471,-16.88923026623906
-1.1129820383121845,0.2719748079907272,-16.88939462500016
-1.114670986814566,0.2708604487761931,-16.889558986960232
-1.1163599517533194,0.26974605016298736,-16.88972335211936
-1.1180489331287649,0.2686316121522527,-16.889887720477642
-1.119737930941222,0.2675171347451316,-16.890052092035177
-1.121426945191011,0.2664026179427667,-16.89021646679205
-1.1231159758784517,0.26528806174630054,-16.89038084474836
-1.1248050230038638,0.2641734661568758,-16.890545225904194
-1.1264940865675677,0.2630588311756352,-16.890709610259652
-1.128183166569883,0.2619441568037215,-16.89087399781483
-1.1298722630111298,0.2608294430422775,-16.891038388569815
-1.1315613758916279,0.2597146898924459,-16.891202782524708
-1.1332505052116977,0.2585998973553696,-16.891367179679587
-1.134939650971659,0.2574850654321915,-16.89153158003456
-1.1366288131718316,0.25637019412405454,-16.89169598358971
-1.1383179918125357,0.25525528343210163,-16.891860390345133
-1.1400071868940918,0.2541403333574756,-16.89202480030093
-1.1416963984168191,0.25302534390131975,-16.892189213457186
-1.1433856263810376,0.2519103150647768,-16.892353629814004
-1.1450748707870686,0.25079524684899007,-16.892518049371468
-1.1467641316352313,0.24968013925510255,-16.89268247212967
-1.1484534089258458,0.2485649922842574,-16.892846898088713
-1.1501427026592321,0.24744980593759783,-16.893011327248683
-1.1518320128357102,0.24633458021626695,-16.89317575960968
-1.1535213394556003,0.24521931512140813,-16.893340195171792
-1.155210682519223,0.24410401065416454,-16.89350463393512
-1.1569000420268982,0.24298866681567957,-16.89366907589975
-1.1585894179789458,0.24187328360709656,-16.89383352106578
-1.1602788103756858,0.2407578610295588,-16.893997969433293
-1.1619682192174388,0.23964239908420976,-16.89416242100239
-1.1636576445045252,0.23852689777219285,-16.894326875773164
-1.1653470862372644,0.23741135709465158,-16.89449133374571
-1.1670365444159774,0.23629577705272944,-16.894655794920123
-1.1687260190409836,0.23518015764757,-16.894820259296495
-1.1704155101126035,0.23406449888031677,-16.89498472687492
-1.1721050176311576,0.2329488007521134,-16.89514919765549
-1.1737945415969662,0.23183306326410352,-16.8953136716383
-1.175484082010349,0.23071728641743083,-16.895478148823436
-1.177173638871626,0.22960147021323904,-16.895642629211004
-1.1788632121811182,0.22848561465267186,-16.895807112801087
-1.1805528019391458,0.22736971973687306,-16.895971599593786
-1.1822424081460285,0.2262537854669865,-16.896136089589188
-1.1839320308020866,0.2251378118441559,-16.89630058278739
-1.1856216699076407,0.22402179886952528,-16.896465079188488
-1.1873113254630112,0.22290574654423848,-16.896629578792574
-1.1890009974685183,0.22178965486943944,-16.896794081599747
-1.1906906859244824,0.22067352384627226,-16.896958587610087
-1.1923803908312238,0.21955735347588076,-16.897123096823698
-1.1940701121890624,0.2184411437594091,-16.897287609240664
-1.195759849998319,0.2173248946980013,-16.897452124861083
-1.1974496042593143,0.21620860629280148,-16.89761664368506
-1.199139374972368,0.21509227854495375,-16.897781165712672
-1.2008291621378007,0.21397591145560238,-16.897945690944024
-1.2025189657559328,0.21285950502589152,-16.898110219379205
-1.2042087858270845,0.2117430592569654,-16.898274751018306
-1.205898622351576,0.21062657414996833,-16.898439285861425
-1.2075884753297281,0.2095100497060446,-16.89860382390865
-1.2092783447618618,0.20839348592633852,-16.898768365160084
-1.2109682306482963,0.20727688281199455,-16.89893290961581
-1.2126581329893527,0.20616024036415706,-16.89909745727593
-1.2143480517853513,0.2050435585839705,-16.89926200814053
-1.2160379870366127,0.2039268374725793,-16.899426562209708
-1.2177279387434574,0.2028100770311281,-16.899591119483564
-1.2194179069062059,0.2016932772607613,-16.89975567996218
-1.2211078915251785,0.20057643816262352,-16.89992024364566
-1.222797892600696,0.19945955973785937,-16.90008481053409
-1.2244879101330781,0.19834264198761353,-16.900249380627567
-1.2261779441226457,0.1972256849130306,-16.900413953926186
-1.2278679945697195,0.19610868851525542,-16.900578530430042
-1.22955806147462,0.19499165279543262,-16.900743110139217
-1.2312481448376682,0.193874577754707,-16.90090769305381
-1.2329382446591834,0.19275746339422342,-16.901072279173928
-1.2346283609394875,0.1916403097151267,-16.901236868499648
-1.2363184936789002,0.19052311671856165,-16.901401461031067
-1.2380086428777421,0.18940588440567332,-16.90156605676828
-1.2396988085363345,0.1882886127776065,-16.901730655711383
-1.2413889906549977,0.18717130183550632,-16.90189525786047
-1.2430791892340523,0.18605395158051766,-16.902059863215634
-1.2447694042738184,0.18493656201378564,-16.902224471776965
-1.2464596357746172,0.18381913313645531,-16.90238908354456
-1.2481498837367693,0.18270166494967183,-16.902553698518513
-1.2498401481605945,0.1815841574545803,-16.902718316698916
-1.2515304290464142,0.18046661065232592,-16.902882938085867
-1.2532207263945487,0.17934902454405388,-16.903047562679465
-1.2549110402053194,0.17823139913090946,-16.903212190479785
-1.2566013704790466,0.1771137344140379,-16.90337682148693
-1.2582917172160506,0.17599603039458453,-16.903541455700992
-1.2599820804166522,0.1748782870736947,-16.903706093122075
-1.2616724600811724,0.17376050445251381,-16.903870733750264
-1.2633628562099324,0.17264268253218723,-16.90403537758565
-1.2650532688032516,0.17152482131386043,-16.904200024628327
-1.2667436978614517,0.17040692079867895,-16.904364674878394
-1.2684341433848534,0.1692889809877882,-16.904529328335943
-1.2701246053737774,0.1681710018823338,-16.904693985001064
-1.2718150838285436,0.16705298348346131,-16.904858644873855
-1.273505578749474,0.16593492579231636,-16.90502330795441
-1.2751960901368888,0.16481682881004453,-16.90518797424282
-1.2768866179911091,0.16369869253779154,-16.90535264373918
-1.278577162312455,0.16258051697670317,-16.905517316443596
-1.280267723101248,0.16146230212792506,-16.90568199235614
-1.2819583003578088,0.1603440479926031,-16.905846671476915
-1.2836488940824577,0.159225754571883,-16.90601135380602
-1.285339504275516,0.1581074218669107,-16.90617603934353
-1.287030130937305,0.15698904987883203,-16.906340728089564
-1.2887207740681446,0.15587063860879288,-16.906505420044205
-1.2904114336683568,0.15475218805793928,-16.906670115207547
-1.2921021097382617,0.15363369822741713,-16.90683481357968
-1.29379280227818,0.15251516911837248,-16.906999515160706
-1.295483511288433,0.15139660073195138,-16.90716421995071
-1.2971742367693417,0.15027799306929995,-16.907328927949795
-1.2988649787212267,0.14915934613156426,-16.907493639158048
-1.3005557371444092,0.14804065991989046,-16.90765835357556
-1.3022465120392095,0.14692193443542473,-16.907823071202426
-1.3039373034059494,0.14580316967931334,-16.907987792038753
-1.3056281112449495,0.14468436565270257,-16.90815251608462
-1.307318935556531,0.1435655223567386,-16.90831724334012
-1.3090097763410142,0.1424466397925678,-16.908481973805355
-1.3107006335987204,0.14132771796133647,-16.90864670748043
-1.3123915073299706,0.1402087568641911,-16.90881144436541
-1.314082397535086,0.139089756502278,-16.908976184460403
-1.3157733042143875,0.13797071687674367,-16.909140927765502
-1.317464227368196,0.13685163798873462,-16.909305674280812
-1.3191551669968327,0.13573251983939727,-16.90947042400641
-1.3208461231006183,0.13461336242987829,-16.909635176942402
-1.3225370956798739,0.1334941657613242,-16.90979993308887
-1.3242280847349208,0.13237492983488167,-16.909964692445914
-1.3259190902660805,0.1312556546516973,-16.910129455013628
-1.3276101122736728,0.1301363402129178,-16.91029422079211
-1.32930115075802,0.12901698651968993,-16.910458989781446
-1.3309922057194423,0.12789759357316036,-16.91062376198174
-1.3326832771582615,0.12677816137447595,-16.910788537393074
-1.3343743650747986,0.12565868992478346,-16.91095331601555
-1.3360654694693748,0.12453917922522979,-16.911118097849258
-1.3377565903423105,0.12341962927696175,-16.91128288289429
-1.3394477276939276,0.12230004008112635,-16.911447671150754
-1.341138881524547,0.12118041163887053,-16.911612462618727
-1.3428300518344898,0.12006074395134124,-16.91177725729832
-1.344521238624077,0.11894103701968552,-16.911942055189602
-1.3462124418936299,0.11782129084505044,-16.912106856292684
-1.34790366164347,0.11670150542858307,-16.912271660607658
-1.3495948978739185,0.11558168077143058,-16.912436468134626
-1.351286150585296,0.11446181687474008,-16.91260127887366
-1.3529774197779245,0.11334191373965875,-16.912766092824864
-1.3546687054521247,0.11222197136733382,-16.912930909988344
-1.3563600076082172,0.11110198975891257,-16.913095730364184
-1.3580513262465246,0.10998196891554227,-16.913260553952473
-1.3597426613673673,0.10886190883837027,-16.91342538075331
-1.3614340129710667,0.1077418095285439,-16.91359021076679
-1.363125381057944,0.10662167098721052,-16.913755043993003
-1.364816765628321,0.1055014932155176,-16.913919880432047
-1.3665081666825187,0.10438127621461261,-16.914084720084016
-1.368199584220858,0.10326101998564303,-16.914249562948996
-1.369891018243661,0.10214072452975637,-16.914414409027096
-1.3715824687512483,0.10102038984810018,-16.914579258318398
-1.3732739357439416,0.09990001594182206,-16.914744110822998
-1.3749654192220617,0.09877960281206966,-16.914908966541
-1.3766569191859304,0.0976591504599906,-16.915073825472486
-1.3783484356358693,0.09653865888673262,-16.91523868761755
-1.380039968572199,0.09541812809344341,-16.915403552976294
-1.3817315179952416,0.09429755808127074,-16.915568421548812
-1.3834230839053183,0.0931769488513624,-16.915733293335187
-1.38511466630275,0.0920563004048662,-16.915898168335517
-1.386806265187859,0.09093561274293006,-16.9160630465499
-1.3884978805609662,0.0898148858667018,-16.916227927978433
-1.390189512422393,0.08869411977732938,-16.916392812621197
-1.3918811607724608,0.08757331447596077,-16.916557700478297
-1.393572825611491,0.08645246996374395,-16.91672259154983
-1.395264506939805,0.08533158624182695,-16.916887485835883
-1.3969562047577249,0.08421066331135785,-16.91705238333655
-1.3986479190655712,0.0830897011734847,-16.917217284051922
-1.4003396498636662,0.0819686998293557,-16.917382187982096
-1.4020313971523306,0.08084765928011896,-16.91754709512717
-1.4037231609318865,0.07972657952692268,-16.91771200548724
-1.4054149412026558,0.07860546057091511,-16.91787691906239
-1.407106737964959,0.07748430241324449,-16.91804183585273
-1.4087985512191183,0.07636310505505912,-16.918206755858332
-1.4104903809654543,0.07524186849750737,-16.918371679079304
-1.4121822272042897,0.07412059274173753,-16.918536605515733
-1.4138740899359457,0.07299927778889807,-16.918701535167717
-1.4155659691607438,0.07187792364013738,-16.918866468035358
-1.4172578648790055,0.07075653029660393,-16.91903140411874
-1.4189497770910522,0.06963509775944622,-16.919196343417955
-1.4206417057972056,0.0685136260298128,-16.919361285933103
-1.4223336509977875,0.06739211510885221,-16.91952623166428
-1.42402561269312,0.06627056499771307,-16.919691180611572
-1.4257175908835238,0.06514897569754399,-16.91985613277509
-1.427409585569321,0.06402734720949366,-16.92002108815491
-1.4291015967508327,0.06290567953471077,-16.920186046751134
-1.4307936244283808,0.06178397267434405,-16.92035100856385
-1.4324856686022873,0.06066222662954228,-16.920515973593147
-1.4341777292728732,0.05954044140145425,-16.92068094183914
-1.4358698064404607,0.0584186169912288,-16.92084591330191
-1.4375619001053719,0.057296753400014784,-16.92101088798155
-1.4392540102679274,0.056174850628961104,-16.92117586587816
-1.4409461369284502,0.055052908679216715,-16.92134084699183
-1.442638280087261,0.05393092755193057,-16.92150583132265
-1.444330439744682,0.052808907248251664,-16.921670818870727
-1.4460226159010345,0.05168684776932907,-16.921835809636143
-1.4477148085566405,0.050564749116311807,-16.922000803618996
-1.4494070177118217,0.04944261129034902,-16.92216580081938
-1.4510992433669003,0.04832043429258984,-16.922330801237386
-1.4527914855221975,0.047198218124183414,-16.922495804873112
-1.454483744178035,0.04607596278627896,-16.92266081172665
-1.4561760193347348,0.0449536682800257,-16.9228258217981
-1.457868310992619,0.04383133460657294,-16.922990835087546
-1.4595606191520094,0.04270896176706995,-16.92315585159509
-1.4612529438132273,0.04158654976266607,-16.923320871320826
-1.4629452849765945,0.0404640985945107,-16.923485894264843
-1.4646376426424332,0.039341608263753235,-16.92365092042724
-1.4663300168110651,0.038219078771543104,-16.92381594980811
-1.4680224074828123,0.03709651011902979,-16.923980982407546
-1.4697148146579964,0.0359739023073628,-16.924146018225642
-1.4714072383369394,0.03485125533769165,-16.924311057262493
-1.473099678519963,0.033728569211165946,-16.92447609951819
-1.4747921352073894,0.03260584392893527,-16.924641144992837
-1.4764846083995402,0.03148307949214928,-16.924806193686514
-1.4781770980967375,0.030360275901957647,-16.924971245599327
-1.4798696042993031,0.029237433159510072,-16.925136300731364
-1.4815621270075594,0.028114551265956314,-16.925301359082727
-1.4832546662218273,0.02699163022244613,-16.925466420653503
-1.4849472219424293,0.025868670030129336,-16.925631485443784
-1.4866397941696878,0.024745670690155784,-16.92579655345367
-1.4883323829039243,0.02362263220367534,-16.92596162468325
-1.4900249881454608,0.02249955457183792,-16.92612669913263
-1.4917176098946192,0.02137643779579346,-16.92629177680189
-1.4934102481517217,0.020253281876691943,-16.926456857691125
-1.4951029029170904,0.019130086815683386,-16.926621941800438
-1.496795574191047,0.018006852613917823,-16.92678702912992
-1.498488261973914,0.016883579272545333,-16.926952119679658
-1.5001809662660128,0.015760266792716037,-16.92711721344976
-1.5018736870676657,0.014636915175580075,-16.927282310440305
-1.5035664243791946,0.01351352442228763,-16.927447410651396
-1.505259178200922,0.012390094533988906,-16.92761251408313
-1.50695194853317,0.011266625511834157,-16.92777762073559
-1.50864473537626,0.010143117356973666,-16.927942730608883
-1.5103375387305145,0.00901957007055774,-16.928107843703096
-1.5120303585962556,0.007895983653736732,-16.92827296001833
-1.513723194973805,0.006772358107661019,-16.928438079554667
-1.5154160478634855,0.005648693433481018,-16.928603202312214
-1.517108917265619,0.004524989632347178,-16.928768328291053
-1.5188018031805275,0.003401246705409981,-16.92893345749129
-1.5204947056085332,0.002277464653819943,-16.92909858991301
-1.5221876245499582,0.0011536434787276142,-16.92926372555631
-1.5238805600051248,2.9783181283577487E-5,-16.92942886442129
