x,y
2.5881763574873274E-4,1.0009658344940398
0.002846916482154317,1.010619156144514
0.005434874410063123,1.0202633444889946
0.008022691434820003,1.0298983994537954
0.010610367571767296,1.0395243209652416
0.013197902836244849,1.0491411089496712
0.015785297243589992,1.0587487633334334
0.018372550809137557,1.068347284042891
0.02095966354821987,1.077936671004417
0.023546635476166748,1.0875169241443974
0.02613346660830551,1.0970880433892305
0.028720156959960975,1.1066500286653254
0.03130670654645546,1.1162028798991046
0.03389311538310877,1.1257465970170015
0.036479383485238215,1.1352811799454625
0.03906551086815862,1.1448066286109453
0.04165149754718229,1.1543229429399198
0.04423734353761903,1.1638301228588677
0.04682304885477618,1.173328168294283
0.04940861351395853,1.1828170791726722
0.05199403753046841,1.1922968554205522
0.054579320919605635,1.2017674969644538
0.05716446369666753,1.2112290037309184
0.05974946587694894,1.2206813756465
0.062334327475742184,1.230124612637764
0.06491904850833712,1.2395587146312887
0.06750362899002109,1.248983681553664
0.07008806893607888,1.2583995133314911
0.07267236836179294,1.2678062098913843
0.07525652728244307,1.2772037711599689
0.07784054571330672,1.286592197063883
0.08042442366965868,1.295971487529776
0.08300816116677137,1.3053416424843098
0.0855917582199147,1.314702661854158
0.08817521484435613,1.3240545455660055
0.09075853105536048,1.3333972935465501
0.09334170686819028,1.3427309057225016
0.09592474229810541,1.3520553820205814
0.09850763736036333,1.3613707223675222
0.10109039207021903,1.3706769266900694
0.10367300644292496,1.3799739949149805
0.10625548049373118,1.3892619269690247
0.10883781423788515,1.398540722778983
0.1114200076906319,1.4078103822716483
0.114002060867214,1.4170709053738262
0.11658397378287146,1.4263222920123324
0.1191657464528419,1.4355645421139964
0.12174737889236038,1.4447976556056592
0.12432887111665951,1.4540216324141733
0.12691022314096942,1.463236472466403
0.12949143498051774,1.472442175689225
0.13207250665052964,1.4816387420095274
0.1346534381662278,1.4908261713542101
0.13723422954283246,1.5000044636501864
0.1398148807955613,1.5091736188243796
0.14239539193962958,1.5183336368037266
0.1449757629902501,1.5274845175151743
0.1475559939626331,1.536626260885683
0.15013608487198643,1.5457588668422246
0.15271603573351542,1.5548823353117824
0.15529584656242293,1.5639966662213522
0.1578755173739093,1.5731018594979416
0.1604550481831725,1.582197915068569
0.16303443900540793,1.5912848328602658
0.1656136898558086,1.6003626128000759
0.16819280074956494,1.609431254815053
0.17077177170186503,1.6184907588322646
0.17335060272789435,1.627541124778789
0.17592929384283604,1.6365823525817171
0.17850784506187067,1.6456144421681511
0.18108625640017637,1.6546373934652048
0.18366452787292878,1.663651206400005
0.18624265949530108,1.6726558808996894
0.18882065128246406,1.6816514168914083
0.19139850324958593,1.6906378143023222
0.19397621541183252,1.6996150730596054
0.19655378778436708,1.7085831930904434
0.19913122038235045,1.717542174322033
0.2017085132209411,1.7264920166815836
0.20428566631529493,1.735432720096316
0.20686267968056532,1.744364284493463
0.20943955333190334,1.7532867098002691
0.21201628728445754,1.762199995943991
0.2145928815533739,1.7711041428518963
0.21716933615379605,1.7799991504512658
0.2197456511008652,1.7888850186693908
0.2223218264097199,1.7977617474335752
0.22489786209549645,1.8066293366711348
0.22747375817332857,1.8154877863093968
0.2300495146583475,1.8243370962757006
0.2326251315656822,1.8331772664973969
0.23520060891045896,1.8420082969018479
0.23777594670780175,1.8508301874164292
0.24035114497283194,1.8596429379685266
0.2429262037206686,1.8684465484855388
0.24550112296642818,1.8772410188948754
0.24807590272522487,1.8860263491239586
0.25065054301217027,1.8948025391002212
0.25322504384237354,1.9035695887511093
0.25579940523094136,1.9123274980040799
0.25837362719297796,1.921076266786602
0.26094770974358533,1.9298158950261561
0.2635216528978627,1.938546382650235
0.26609545667090706,1.9472677295863425
0.26866912107781266,1.9559799357619951
0.2712426461336717,1.964683001104721
0.2738160318535738,1.9733769255420597
0.27638927825260573,1.9820617090015622
0.27896238534585244,1.990737351410792
0.281535353148396,1.9994038526973235
0.28410818167531615,2.0080612127887445
0.2866808709416902,2.016709431612653
0.28925342096259293,2.025348509096658
0.29182583175309684,2.033978445168383
0.2943981033282718,2.0425992397554604
0.2969702357031855,2.051210892785537
0.2995422288929028,2.0598134041862695
0.3021140829124864,2.068406773885326
0.30468579777699656,2.0769910018103883
0.30725737350149096,2.0855660878891484
0.3098288101010248,2.0941320320493104
0.31240010759065096,2.1026888342185908
0.31497126598541986,2.111236494324716
0.31754228530037937,2.119775012295427
0.3201131655505751,2.1283043880584733
0.3226839067510501,2.1368246215416185
0.325254508916845,2.145335712672637
0.32782497206299793,2.1538376613793164
0.3303952962045449,2.1623304675894524
0.3329654813565188,2.170814131230856
0.33553552753395083,2.1792886522313473
0.3381054347518693,2.1877540305187604
0.3406752030253003,2.19621026602094
0.3432448323692672,2.204657358665743
0.34581432279879126,2.213095308381037
0.34838367432889117,2.2215241150947023
0.35095288697458327,2.2299437787346297
0.3535219607508811,2.2383542992287233
0.35609089567279634,2.2467556765048973
0.35865969175533774,2.2551479104910794
0.36122834901351203,2.2635310011152074
0.36379686746232304,2.271904948305232
0.3663652471167726,2.280269751989113
0.3689334879918598,2.288625412094825
0.37150159010258155,2.2969719285503545
0.3740695534639321,2.3053093012836965
0.37663737809090353,2.3136375302228593
0.37920506399848525,2.3219566152958637
0.38177261120166434,2.33026655643074
0.38434001971542536,2.3385673535555336
0.3869072895547505,2.346859006598298
0.38947442073461974,2.3551415154871016
0.39204141327001035,2.3634148801500228
0.3946082671758971,2.3716791005151494
0.39717498246725264,2.379934176510585
0.399741559159047,2.388180108064442
0.402307997266248,2.3964168951048457
0.40487429680382075,2.404644537559932
0.407440457786728,2.4128630353578506
0.41000648022993014,2.42107238842676
0.4125723641483853,2.429272596694832
0.4151381095570488,2.4374636600902506
0.41770371647087384,2.4456455785412103
0.4202691849048111,2.453818351975916
0.4228345148738088,2.4619819803225877
0.4253997063928128,2.470136463509454
0.4279647594767667,2.4782818014647563
0.43052967414061144,2.486417994116748
0.4330944503992855,2.4945450413936934
0.43565908826772515,2.502662943223869
0.4382235877608642,2.5107716995355616
0.4407879488936338,2.518871310257071
0.44335217168096314,2.5269617753167077
0.4459162561377785,2.5350430946427958
0.44848020227900404,2.5431152681636675
0.4510440101195615,2.5511782958076696
0.45360767967437016,2.559232177503159
0.45617121095834684,2.567276913178505
0.45873460398640575,2.5753125027620873
0.46129785877345925,2.5833389461822995
0.46386097533441684,2.591356243367544
0.46642395368418565,2.599364394246236
0.4689867938376705,2.6073633987468035
0.47154949580977373,2.6153532567976843
0.47411205961539543,2.6233339683273287
0.4766744852694331,2.6313055332641975
0.4792367727867818,2.6392679515367643
0.4817989221823344,2.6472212230735135
0.48436093347098114,2.6551653478029418
0.4869228066676099,2.6631003256535566
0.4894845417871064,2.6710261565538778
0.49204613884435355,2.6789428404324362
0.49460759785423214,2.6868503772177754
0.4971689188316205,2.6947487668384476
0.4997301017913944,2.7026380092230196
0.5022911467484275,2.7105181043000672
0.5048520537175907,2.71838905199818
0.5074128227137528,2.7262508522459585
0.50997345375178,2.734103504972014
0.5125339468465362,2.7419470101049703
0.5150943020128829,2.7497813675734624
0.517654519265679,2.757606577306136
0.5202145986197814,2.7654226392316494
0.5227745400900443,2.773229553278672
0.5253343436913195,2.781027319375885
0.5278940094384565,2.78881593745198
0.5304535373463027,2.796595407435662
0.5330129274297023,2.8043657292556463
0.5355721797034976,2.81212690284066
0.5381312941825287,2.8198789281194414
0.540690270881633,2.8276218050207405
0.5432491098156456,2.8353555334733187
0.545807810999399,2.8430801134059496
0.5483663744477236,2.8507955447474185
0.5509248001754475,2.85850182742652
0.5534830881973961,2.866198961372062
0.5560412385283924,2.8738869465128642
0.5585992511832572,2.8815657827777565
0.5611571261768087,2.8892354700955822
0.5637148635238629,2.8968960083951933
0.5662724632392333,2.9045473976054557
0.5688299253377311,2.9121896376552456
0.5713872498341652,2.9198227284734517
0.5739444367433416,2.927446669988973
0.5765014860800646,2.93506146213072
0.5790583978591357,2.9426671048276147
0.5816151720953542,2.9502635980085925
0.5841718088035167,2.9578509416025973
0.5867283079984179,2.965429135538587
0.5892846696948497,2.9729981797455296
0.5918408939076018,2.980558074152405
0.5943969806514612,2.988108818688204
0.5969529299412132,2.9956504132819286
0.5995087417916397,3.0031828578625945
0.6020644162175212,3.010706152359227
0.6046199532336354,3.0182202967008616
0.6071753528547577,3.0257252908165477
0.6097306150956608,3.033221134635346
0.6122857399711155,3.040707828086327
0.6148407274958899,3.0481853710985733
0.61739557768475,3.0556537636011805
0.6199502905524588,3.063113005523253
0.6225048661137778,3.0705630967939066
0.6250593043834656,3.078004037342273
0.6276136053762784,3.0854358270974895
0.63016776910697,3.0928584659887086
0.6327217955902921,3.1002719539450925
0.6352756848409938,3.1076762908958155
0.637829436873822,3.115071476770064
0.6403830517035207,3.122457511497034
0.6429365293448323,3.129834395005935
0.6454898698124963,3.1372021272259865
0.6480430731212501,3.1445607080864195
0.6505961392858286,3.151910137516476
0.6531490683209642,3.1592504154454115
0.655701860241387,3.1665815418024907
0.658254515061825,3.17390351651699
0.6608070327970033,3.1812163395181985
0.6633594134616452,3.1885200107354157
0.6659116570704713,3.1958145300979517
0.6684637636381998,3.2030998975351297
0.6710157331795467,3.2103761129762836
0.6735675657092256,3.217643176350759
0.6761192612419474,3.2249010875879116
0.6786708197924214,3.23214984661711
0.6812222413753536,3.2393894533677323
0.6837735260054484,3.2466199077691713
0.6863246736974071,3.2538412097508274
0.6888756844659296,3.2610533592421143
0.6914265583257123,3.268256356172457
0.6939772952914501,3.2754502004712918
0.6965278953778352,3.2826348920680664
0.6990783585995574,3.2898104308922393
0.7016286849713044,3.2969768168732805
0.704178874507761,3.3041340499406715
0.7067289272236102,3.3112821300239057
0.7092788431335327,3.3184210570524875
0.7118286222522059,3.325550830955932
0.7143782645943061,3.3326714516637668
0.7169277701745062,3.3397829191055295
0.7194771390074776,3.34688523321077
0.7220263711078885,3.3539783939090495
0.7245754664904055,3.3610624011299404
0.7271244251696921,3.3681372548030253
0.72967324716041,3.3752029548579006
0.7322219324772185,3.382259501224172
0.7347704811347744,3.3893068938314572
0.737318893147732,3.3963451326093845
0.7398671685307435,3.403374217487595
0.7424153072984586,3.4103941483957403
0.7449633094655248,3.417404925263482
0.7475111750465872,3.424406548020496
0.7500589040562881,3.431399016596467
0.7526064965092681,3.4383823309210926
0.7551539524201651,3.4453564909240795
0.7577012718036148,3.4523214965351485
0.7602484546742505,3.4592773476840293
0.7627955010467029,3.466224044300465
0.7653424109356006,3.4731615863142076
0.76788918435557,3.4800899736550224
0.7704358213212349,3.4870092062526856
0.7729823218472164,3.493919284036984
0.7755286859481338,3.5008202069377155
0.7780749136386046,3.5077119748846908
0.7806210049332426,3.514594587807731
0.7831669598466602,3.521468045636668
0.785712778393467,3.5283323483013445
0.7882584605882703,3.5351874957316167
0.7908040064456753,3.54203348785735
0.7933494159802847,3.5488703246084214
0.7958946892066989,3.555698005914721
0.798439826139516,3.5625165317061485
0.8009848267933316,3.5693259019126136
0.8035296911827389,3.57612611646404
0.8060744193223289,3.582917175290361
0.8086190112266906,3.5896990783215217
0.81116346691041,3.5964718254874786
0.8137077863880713,3.603235416718198
0.816251969674256,3.6099898519436597
0.8187960167835433,3.616735131093854
0.8213399277305099,3.62347125409878
0.8238837025297309,3.6301982208884525
0.8264273411957784,3.636916031392894
0.8289708437432223,3.6436246855421395
0.8315142101866301,3.6503241832662345
0.8340574405405671,3.6570145244952372
0.8366005348195962,3.663695709159217
0.839143493038278,3.6703677371882515
0.8416863152111705,3.6770306085124336
0.84422900135283,3.683684323061865
0.8467715514778098,3.6903288807666588
0.8493139656006613,3.69696428155694
0.8518562437359333,3.7035905253628436
0.8543983858981723,3.7102076121145173
0.8569403921019224,3.71681554174212
0.8594822623617258,3.7234143141758214
0.8620239966921218,3.7300039293458007
0.8645655951076477,3.7365843871822517
0.8671070576228385,3.743155687615376
0.8696483842522265,3.749717830575389
0.8721895750103421,3.756270815992515
0.8747306299117131,3.762814643796992
0.8772715489708653,3.769349313919067
0.8798123322023219,3.7758748262889985
0.8823529796206033,3.7823911808370583
0.8848934912402286,3.7888983774935268
0.8874338670757141,3.7953964161886975
0.8899741071415737,3.8018852968528734
0.8925142114523186,3.8083650194163683
0.8950541800224583,3.81483558380951
0.8975940128664999,3.8212969899626366
0.9001337099989477,3.827749237806094
0.9026732714343042,3.8341923272702436
0.9052126971870692,3.840626258285456
0.9077519872717408,3.8470510307821137
0.9102911417028138,3.853466644690609
0.9128301604947814,3.8598730999413458
0.9153690436621342,3.8662703964647402
0.9179077912193608,3.8726585341912187
0.9204464031809471,3.879037513051219
0.9229848795613768,3.8854073329751904
0.925523220375131,3.891767993893592
0.9280614256366891,3.898119495736896
0.930599495360528,3.904461838435583
0.9331374295611219,3.9107950219201477
0.935675228252943,3.917119046121094
0.9382128914504609,3.9234339109689382
0.9407504191681435,3.929739616394207
0.9432878114204557,3.936036162327438
0.9458250682218604,3.94232354869918
0.948362189586818,3.948601775439994
0.9508991755297865,3.9548708424804517
0.9534360260652223,3.9611307497511343
0.9559727412075785,3.967381497182636
0.9585093209713067,3.9736230847055616
0.961045765370856,3.9798555122505275
0.9635820744206728,3.9860787797481594
0.9661182481352014,3.992292887129094
0.968654286528884,3.9984978343239836
0.97119018961616,4.004693621263486
0.9737259574114671,4.010880247878273
0.9762615899292404,4.0170577140990265
0.9787970871839125,4.023226019856441
0.9813324491899138,4.029385165081221
0.9838676759616726,4.0355351497040814
0.9864027675136148,4.0416759736557495
0.9889377238601638,4.047807636866962
0.9914725450157408,4.05393013926847
0.9940072309947647,4.060043480791033
0.9965417818116524,4.066147661365421
0.9990761974808181,4.0722426809224155
1.0016104780166735,4.078328539392811
1.0041446234336289,4.084405236707411
1.0066786337460913,4.090472772797032
1.0092125089684658,4.0965311475925
1.011746249115155,4.102580361024651
1.01427985420056,4.108620413024336
1.0168133242390787,4.114651303522413
1.0193466592451068,4.1206730324497505
1.0218798592330376,4.126685599737233
1.0244129242172628,4.132689005315752
1.0269458542121719,4.138683249116212
1.0294786492321508,4.14466833106953
1.0320113092915837,4.1506442511066295
1.034543834404853,4.156611009158447
1.0370762245863387,4.162568605155929
1.0396084798504182,4.168517039030038
1.0421406002114662,4.174456310711743
1.0446725856838561,4.180386420132024
1.0472044362819588,4.1863073672218745
1.0497361520201418,4.1922191519122975
1.0522677329127716,4.198121774134305
1.0547991789742115,4.204015233818926
1.0573304902188234,4.209899530897193
1.0598616666609662,4.215774665300154
1.0623927083149964,4.2216406369588695
1.064923615195269,4.227497445804406
1.0674543873161362,4.233345091767846
1.0699850246919476,4.239183574780278
1.0725155273370512,4.245012894772807
1.0750458952657924,4.250833051676544
1.0775761284925138,4.256644045422615
1.0801062270315562,4.262445875942154
1.0826361908972586,4.268238543166308
1.0851660201039566,4.274022047026234
1.0876957146659847,4.279796387453102
1.0902252745976737,4.285561564378088
1.0927546999133535,4.291317577732384
1.095283990627351,4.297064427447191
1.097813146753991,4.302802113453722
1.1003421683075967,4.308530635683199
1.1028710553024872,4.314249994066856
1.1053998077529805,4.319960188535939
1.1079284256733926,4.325661219021703
1.1104569090780365,4.331353085455417
1.1129852579812234,4.337035787768358
1.1155134723972628,4.342709325891813
1.1180415523404603,4.348373699757086
1.1205694978251204,4.354028909295484
1.1230973088655447,4.35967495443833
1.125624985476033,4.36531183511696
1.1281525276708826,4.370939551262712
1.1306799354643884,4.376558102806946
1.1332072088708438,4.382167489681026
1.1357343479045383,4.38776771181633
1.1382613525797611,4.393358769144243
1.1407882229107977,4.398940661596163
1.1433149589119318,4.404513389103503
1.1458415605974452,4.41007695159768
1.1483680279816166,4.415631349010128
1.150894361078723,4.421176581272287
1.153420559903039,4.426712648315612
1.1559466244688363,4.432239550071564
1.1584725547903854,4.437757286471622
1.160998350881954,4.443265857447272
1.1635240127578077,4.448765262930008
1.1660495404322098,4.45425550285134
1.1685749339194205,4.4597365771427855
1.1711001932336986,4.465208485735875
1.1736253183893013,4.470671228562148
1.1761503094004817,4.476124805553158
1.1786751662814923,4.481569216640465
1.1811998890465822,4.487004461755643
1.1837244777099991,4.492430540830279
1.1862489322859877,4.4978474537959645
1.188773252788791,4.503255200584307
1.1912974392326492,4.508653781126924
1.1938214916318004,4.51404319535544
1.196345410000481,4.519423443201498
1.1988691943529244,4.524794524596746
1.2013928447033622,4.530156439472843
1.2039163610660233,4.535509187761463
1.2064397434551344,4.540852769394285
1.2089629918849205,4.5461871843030055
1.2114861063696043,4.551512432419328
1.214009086923405,4.556828513674965
1.2165319335605405,4.562135428001644
1.2190546462952265,4.567433175331103
1.2215772251416765,4.5727217555950865
1.2240996701141016,4.578001168725354
1.2266219812267103,4.583271414653676
1.2291441584937088,4.58853249331183
1.231666201929302,4.59378440463161
1.2341881115476916,4.599027148544815
1.2367098873630769,4.604260724983259
1.2392315293896556,4.609485133878764
1.2417530376416235,4.614700375163166
1.2442744121331728,4.619906448768312
1.246795652878494,4.625103354626055
1.2493167598917758,4.630291092668262
1.251837733187205,4.635469662826812
1.254358572778965,4.640639065033594
1.2568792786812373,4.645799299220505
1.259399850908201,4.650950365319456
1.2619202894740338,4.656092263262372
1.2644405943929105,4.661224992981182
1.2669607656790036,4.666348554407829
1.2694808033464833,4.671462947474264
1.2720007074095179,4.6765681721124555
1.274520477882273,4.681664228254376
1.2770401147789125,4.68675111583201
1.2795596181135978,4.691828834777359
1.282078987900488,4.696897385022429
1.2845982241537395,4.701956766499236
1.2871173268875074,4.70700697913981
1.2896362961159438,4.712048022876193
1.2921551318531987,4.717079897640436
1.2946738341134205,4.722102603364599
1.297192402910754,4.7271161399807555
1.299710838259343,4.732120507420989
1.3022291401733288,4.737115705617391
1.3047473086668502,4.742101734502069
1.3072653437540436,4.7470785940071405
1.3097832454490435,4.752046284064727
1.3123010137659816,4.757004804606969
1.3148186487189886,4.761954155566013
1.3173361503221912,4.766894336874019
1.3198535185897153,4.771825348463155
1.3223707535356841,4.776747190265604
1.3248878551742185,4.781659862213556
1.327404823519437,4.786563364239213
1.3299216585854556,4.791457696274787
1.3324383603863887,4.796342858252499
1.3349549289363487,4.801218850104588
1.3374713642494453,4.806085671763298
1.3399876663397852,4.810943323160882
1.342503835221474,4.815791804229609
1.3450198709086147,4.820631114901756
1.3475357734153082,4.82546125510961
1.3500515427556525,4.83028222478547
1.3525671789437443,4.835094023861645
1.3550826819936777,4.839896652270458
1.3575980519195436,4.844690109944236
1.3601132887354324,4.849474396815322
1.3626283924554308,4.854249512816069
1.3651433630936247,4.859015457878841
1.3676582006640958,4.863772231936012
1.3701729051809253,4.868519834919967
1.3726874766581918,4.873258266763099
1.3752019151099706,4.877987527397815
1.3777162205503368,4.882707616756534
1.3802303929933608,4.8874185347716805
1.3827444324531126,4.892120281375696
1.3852583389436595,4.896812856501028
1.3877721124790663,4.901496260080136
1.3902857530733956,4.906170492045489
1.3927992607407083,4.910835552329573
1.3953126354950618,4.915491440864874
1.397825877350513,4.9201381575838985
1.400338986321115,4.924775702419159
1.4028519624209201,4.929404075303179
1.4053648056639771,4.934023276168493
1.4078775160643335,4.938633304947648
1.4103900936360338,4.943234161573198
1.412902538393121,4.947825845977709
1.4154148503496355,4.952408358093764
1.4179270295196154,4.956981697853946
1.4204390759170964,4.961545865190856
1.4229509895561125,4.966100860037104
1.4254627704506957,4.970646682325307
1.4279744186148748,4.9751833319881
1.4304859340626768,4.979710808958123
1.4329973168081267,4.984229113168027
1.4355085668652472,4.988738244550477
1.4380196842480588,4.993238203038146
1.440530668970579,4.9977289885637175
1.4430415210468248,5.002210601059887
1.445552240490809,5.006683040459361
1.4480628273165437,5.011146306694855
1.4505732815380383,5.015600399699097
1.4530836031692993,5.020045319404823
1.4555937922243318,5.024481065744781
1.458103848717139,5.028907638651732
1.4606137726617205,5.033325038058444
1.463123564072075,5.037733263897699
1.4656332229621984,5.042132316102284
1.4681427493460848,5.046522194605008
1.470652143237725,5.050902899338675
1.4731614046511092,5.055274430236112
1.475670533600224,5.059636787230152
1.4781795300990546,5.0639899702536395
1.4806883941615836,5.068333979239428
1.483197125801791,5.072668814120385
1.4857057250336556,5.076994474829383
1.4882141918711533,5.0813109612993115
1.4907225263282577,5.085618273463067
1.4932307284189412,5.089916411253556
1.4957387981571726,5.0942053746037
1.4982467355569193,5.098485163446426
1.5007545406321463,5.102755777714673
1.5032622133968163,5.107017217341394
1.50576975386489,5.111269482259547
1.5082771620503257,5.115512572402106
1.5107844379670796,5.119746487702052
1.5132915816291055,5.123971228092377
1.5157985930503552,5.128186793506086
1.5183054722447784,5.13239318387619
1.520812219226322,5.136590399135719
1.5233188340089316,5.140778439217704
1.52582531660655,5.1449573040551915
1.5283316670331177,5.1491269935812385
1.5308378853025737,5.15328750772891
1.5333439714288537,5.157438846431289
1.5358499254258922,5.161581009621457
1.538355747307621,5.165713997232516
1.5408614370879699,5.169837809197576
1.543366994780866,5.173952445449756
1.5458724204002348,5.178057905922187
1.5483777139599992,5.182154190548007
1.5508828754740804,5.186241299260369
1.5533879049563966,5.190319231992438
1.5558928024208651,5.194387988677385
1.5583975678814,5.198447569248393
1.560902201351913,5.202497973638657
1.563406702846314,5.2065392017813785
1.5659110723785108,5.210571253609776
1.5684153099624087,5.214594129057072
1.5709194156119113,5.218607828056503
1.5734233893409195,5.222612350541318
1.575927231163332,5.2266076964447725
1.578430941093046,5.2305938657001345
1.5809345191439557,5.234570858240683
1.5834379653299528,5.238538673999705
1.5859412796649286,5.242497312910503
1.58844446216277,5.2464467749063814
1.5909475128373634,5.250387059920666
1.5934504317025922,5.254318167886686
1.5959532187723375,5.258240098737783
1.5984558740604786,5.262152852407309
1.6009583975808925,5.266056428828626
1.603460789347454,5.269950827935106
1.6059630493740351,5.273836049660136
1.6084651776745071,5.277712093937107
1.6109671742627376,5.2815789606994255
1.6134690391525925,5.2854366498805065
1.615970772357936,5.2892851614137735
1.618472373892629,5.293124495232666
1.6209738437705319,5.296954651270629
1.6234751820055013,5.3007756294611195
1.6259763886113927,5.304587429737605
1.6284774636020585,5.308390052033565
1.630978406991349,5.312183496282489
1.6334792187931135,5.3159677624178725
1.635979899021198,5.319742850373228
1.6384804476894468,5.323508760082075
1.6409808648117017,5.327265491477947
1.643481150401802,5.33101304449438
1.645981304473586,5.334751419064928
1.6484813270408891,5.338480615123153
1.6509812181175443,5.342200632602629
1.6534809777173818,5.345911471436938
1.6559806058542315,5.349613131559675
1.6584801025419196,5.353305612904442
1.6609794677942706,5.356988915404853
1.6634787016251071,5.3606630389945344
1.665977804048249,5.364327983607124
1.6684767750775142,5.367983749176265
1.6709756147267185,5.371630335635612
1.6734743230096754,5.375267742918837
1.6759728999401962,5.378895970959613
1.6784713455320903,5.382515019691629
1.680969659799165,5.386124889048584
1.683467842755224,5.389725578964186
1.6859658944140714,5.3933170893721565
1.6884638147895068,5.396899420206222
1.6909616038953288,5.400472571400124
1.6934592617453341,5.404036542887613
1.6959567883533158,5.407591334602449
1.698454183733066,5.411136946478404
1.7009514478983745,5.41467337844926
1.7034485808630289,5.41820063044881
1.7059455826408143,5.421718702410855
1.7084424532455138,5.42522759426921
1.7109391926909083,5.428727305957699
1.7134358009907769,5.432217837410152
1.7159322781588957,5.435699188560418
1.7184286242090394,5.439171359342348
1.72092483915498,5.44263434968981
1.723420923010488,5.4460881595366795
1.7259168757893308,5.449532788816842
1.7284126975052747,5.4529682374641935
1.730908388172083,5.45639450541264
1.7334039478035173,5.459811592596103
1.7358993764133366,5.463219498948508
1.7383946740152978,5.466618224403792
1.7408898406231565,5.470007768895905
1.743384876250665,5.473388132358804
1.7458797809115736,5.476759314726461
1.7483745546196312,5.4801213159328555
1.7508691973885837,5.483474135911975
1.7533637092321757,5.486817774597823
1.7558580901641487,5.490152231924409
1.7583523401982424,5.4934775078257525
1.7608464593481947,5.49679360223589
1.7633404476277412,5.50010051508886
1.7658343050506147,5.503398246318715
1.7683280316305465,5.50668679585952
1.7708216273812654,5.5099661636453465
1.7733150923164986,5.5132363496102785
1.7758084264499703,5.516497353688412
1.7783016297954035,5.519749175813849
1.7807947023665178,5.522991815920704
1.783287644177032,5.526225273943104
1.785780455240661,5.529449549815182
1.7882731355711203,5.532664643471087
1.7907656851821205,5.535870554844972
1.7932581040873712,5.539067283871004
1.79575039230058,5.542254830483362
1.7982425498354517,5.545433194616232
1.8007345767056901,5.548602376203812
1.8032264729249952,5.551762375180308
1.805718238507066,5.554913191479942
1.8082098734655996,5.558054825036938
1.8107013778142904,5.56118727578554
1.8131927515668298,5.564310543659994
1.8156839947369088,5.567424628594561
1.8181751073382146,5.570529530523513
1.820666089384434,5.573625249381125
1.8231569408892503,5.576711785101693
1.8256476618663449,5.579789137619514
1.828138252329397,5.582857306868902
1.8306287122920835,5.5859162927841775
1.8331190417680805,5.588966095299671
1.83560924077106,5.592006714349729
1.8380993093146938,5.595038149868701
1.840589247412649,5.59806040179095
1.8430790550785936,5.60107347005085
1.8455687323261907,5.604077354582786
1.8480582791691038,5.607072055321151
1.8505476956209919,5.610057572200347
1.8530369816955128,5.613033905154789
1.8555261374063228,5.616001054118906
1.8580151627670753,5.618959019027126
1.8605040577914216,5.621907799813901
1.8629928224930112,5.624847396413684
1.8654814568854912,5.627777808760942
1.867969960982507,5.63069903679015
1.8704583347977009,5.633611080435794
1.872946578344714,5.636513939632373
1.875434691637184,5.6394076143143925
1.8779226746887485,5.642292104416372
1.8804105275130414,5.645167409872837
1.8828982501236946,5.648033530618325
1.8853858425343386,5.650890466587389
1.8878733047586007,5.653738217714581
1.8903606368101074,5.656576783934474
1.8928478387024819,5.659406165181646
1.8953349104493458,5.662226361390685
1.8978218520643177,5.665037372496194
1.9003086635610158,5.66783919843278
1.9027953449530548,5.670631839135064
1.9052818962540474,5.673415294537678
1.907768317477605,5.67618956457526
1.9102546086373353,5.6789546491824625
1.9127407697468457,5.681710548293947
1.91522680081974,5.684457261844383
1.9177127018696205,5.687194789768454
1.9201984729100874,5.689923132000852
1.9226841139547388,5.69264228847628
1.9251696250171706,5.69535225912945
1.9276550061109763,5.698053043895083
1.9301402572497475,5.700744642707912
1.932625378447074,5.703427055502681
1.9351103697165422,5.706100282214145
1.937595231071738,5.708764322777065
1.9400799625262442,5.711419177126215
1.9425645640936422,5.714064845196382
1.94504903578751,5.716701326922358
1.9475333776214254,5.7193286222389474
1.9500175896089618,5.721946731080967
1.9525016717636923,5.72455565338324
1.9549856240991865,5.7271553890805995
1.9574694466290132,5.729745938107895
1.959953139366738,5.732327300399979
1.962436702325925,5.734899475891721
1.964920135520136,5.737462464517993
1.9674034389629305,5.740016266213684
1.9698866126678662,5.74256088091369
1.9723696566484985,5.745096308552918
1.9748525709183802,5.747622549066284
1.9773353554910629,5.750139602388715
1.9798180103800955,5.752647468455148
1.9823005355990249,5.755146147200531
1.9847829311613958,5.757635638559821
1.9872651970807513,5.760115942467988
1.9897473333706313,5.762587058860008
1.992229340044574,5.765048987670871
1.9947112171161168,5.767501728835572
1.997192964598793,5.7699452822891235
1.999674582506135,5.7723796479665435
2.002156070851673,5.7748048258028595
2.004637429648934,5.777220815733111
2.007118658911444,5.7796276176923485
2.0095997586527266,5.782025231615629
2.012080728886303,5.784413657438024
2.014561569625693,5.786792895094613
2.0170422808844135,5.789162944520486
2.01952286267598,5.791523805650741
2.022003315013905,5.793875478420492
2.024483637911701,5.796217962764857
2.026963831382875,5.798551258618969
2.029443895440935,5.800875365917967
2.031923830099384,5.803190284597001
2.034403635371725,5.805496014591234
2.036883311271458,5.807792555835835
2.0393628578120815,5.810079908265989
2.041842275007092,5.812358071816884
2.044321562869983,5.814627046423723
2.0468007214142467,5.8168868320217175
2.0492797506533718,5.819137428546091
2.051758650600847,5.821378835932073
2.0542374212701584,5.823611054114907
2.056716062674788,5.825834083029846
2.059194574828217,5.828047922612152
2.0616729577439252,5.8302525727970975
2.0641512114353904,5.832448033519964
2.0666293359160863,5.834634304716044
2.0691073311994868,5.836811386320642
2.0715851972990618,5.838979278269072
2.0740629342282806,5.841137980496655
2.0765405420006102,5.843287492938726
2.079018020629514,5.845427815530627
2.081495370128455,5.847558948207712
2.0839725905108932,5.849680890905344
2.086449681790286,5.851793643558899
2.08892664398009,5.853897206103759
2.0914034770937597,5.855991578475319
2.093880181144746,5.8580767606089825
2.0963567561464997,5.860152752440163
2.098833202112468,5.862219553904285
2.101309519056096,5.864277164936783
2.1037857069908275,5.866325585473104
2.106261765930103,5.868364815448698
2.108737695887362,5.870394854799033
2.1112134968760423,5.8724157034595805
2.1136891689095787,5.874427361365827
2.116164712001404,5.876429828453267
2.1186401261649483,5.878423104657409
2.121115411413641,5.880407189913762
2.1235905677609095,5.882382084157856
2.1260655952201777,5.884347787325224
2.128540493804867,5.88630429935141
2.1310152635283997,5.88825162017197
2.1334899044041924,5.890189749722472
2.135964416445662,5.8921186879384875
2.138438799666222,5.894038434755602
2.1409130540792853,5.895948990109415
2.14338717969826,5.897850353935532
2.1458611765365543,5.899742526169565
2.1483350446075753,5.901625506747141
2.150808783924726,5.903499295603896
2.153282394501408,5.905363892675476
2.15575587635102,5.907219297897537
2.158229229486959,5.909065511205744
2.1607024539226214,5.910902532535774
2.1631755496714,5.912730361823311
2.165648516746684,5.914548999004053
2.1681213551618645,5.916358444013706
2.170594064930328,5.918158696787984
2.1730666460654597,5.919949757262615
2.1755390985806407,5.9217316253733365
2.1780114224892517,5.923504301055892
2.180483617804672,5.925267784246039
2.1829556845402784,5.927022074879543
2.1854276227094442,5.928767172892181
2.187899432325542,5.93050307821974
2.1903711134019415,5.932229790798014
2.1928426659520115,5.933947310562811
2.195314089989118,5.935655637449946
2.1977853855266254,5.937354771395246
2.2002565525778945,5.939044712334548
2.202727591156285,5.940725460203699
2.2051985012751545,5.942397014938553
2.207669282947859,5.9440593764749785
2.2101399361877516,5.945712544748851
2.2126104610081834,5.947356519696055
2.2150808574225045,5.948991301252491
2.2175511254440616,5.9506168893540625
2.2200212650861997,5.952233283936685
2.222491276362262,5.953840484936286
2.224961159285591,5.955438492288803
2.2274309138695223,5.957027305930182
2.2299005401273955,5.958606925796378
2.232370038072544,5.960177351823357
2.234839407718302,5.961738583947096
2.237308649077998,5.963290622103582
2.239777762164962,5.96483346622881
2.242246746992519,5.966367116258786
2.244715603573996,5.967891572129527
2.2471843319227123,5.96940683377706
2.2496529320519896,5.970912901137419
2.2521214039751456,5.972409774146652
2.2545897477054964,5.973897452740814
2.257057963256356,5.97537593685597
2.259526050641036,5.976845226428197
2.261994009872847,5.978305321393583
2.2644618409650965,5.979756221688219
2.26692954393109,5.981197927248215
2.2693971187841315,5.982630438009686
2.2718645655375216,5.984053753908756
2.2743318842045612,5.985467874881563
2.276799074798547,5.9868728008642496
2.279266137332774,5.988268531792974
2.281733071820535,5.9896550676039
2.284199878275122,5.991032408233206
2.286666556709824,5.992400553617073
2.2891331071379275,5.993759503691701
2.2915995295727183,5.995109258393291
2.2940658240274785,5.9964498176580605
2.29653199051549,5.997781181422232
2.298998029050031,5.999103349622042
2.3014639396443783,6.000416322193738
2.303929722311806,6.001720099073571
2.306395377065587,6.003014680197809
2.3088609039189913,6.004300065502724
2.3113263028852886,6.005576254924602
2.313791573977745,6.006843248399737
2.3162567172096233,6.008101045864434
2.3187217325941876,6.009349647255008
2.3211866201446973,6.0105890525077825
2.3236513798744105,6.011819261559091
2.3261160117965827,6.013040274345277
2.3285805159244695,6.014252090802697
2.3310448922713225,6.015454710867713
2.3335091408503903,6.016648134476701
2.3359732616749214,6.01783236156604
2.3384372547581607,6.019007392072128
2.340901120113353,6.020173225931366
2.34336485775374,6.021329863080169
2.3458284676925607,6.02247730345496
2.348291949943053,6.02361554699217
2.350755304518452,6.024744593628245
2.3532185314319918,6.025864443299637
2.3556816306969024,6.026975095942808
2.3581446023264143,6.028076551494229
2.3606074463337543,6.029168809890386
2.3630701627321486,6.03025187106777
2.3655327515348183,6.031325734962882
2.367995212754986,6.032390401512236
2.37045754640587,6.033445870652354
2.372919752500688,6.034492142319767
2.375381831052654,6.035529216451015
2.377843782074982,6.036557092982654
2.3803056055808813,6.037575771851241
2.3827673015835606,6.038585252993348
2.385228870096228,6.039585536345559
2.3876903111320886,6.040576621844463
2.390151624704343,6.04155850942666
2.392612810826192,6.042531199028763
2.395073869510836,6.043494690587391
2.397534800771469,6.044448984039174
2.399995604621288,6.0453940793207535
2.402456281073483,6.04632997636878
2.4049168301412456,6.047256675119912
2.4073772518377625,6.048174175510819
2.4098375461762225,6.049082477478183
2.4122977131698082,6.04998158095869
2.4147577528317012,6.050871485889041
2.4172176651750816,6.051752192205946
2.419677450213129,6.052623699846121
2.422137107959018,6.053486008746297
2.4245966384259225,6.054339118843214
2.427056041627015,6.055183030073618
2.4295153175754653,6.0560177423742685
2.4319744662844407,6.056843255681931
2.434433487767106,6.057659569933387
2.4368923820366266,6.058466685065421
2.4393511491061632,6.059264601014833
2.441809788988876,6.060053317718428
2.4442683016979228,6.060832835113025
2.4467266872464575,6.061603153135451
2.4491849456476356,6.062364271722541
2.4516430769146083,6.06311619081114
2.4541010810605237,6.063858910338109
2.45655895809853,6.06459243024031
2.459016708041772,6.0653167504546195
2.461474330903394,6.066031870917925
2.4639318266965367,6.06673779156712
2.4663891954343375,6.067434512339111
2.468846437129936,6.068122033170812
2.471303551796466,6.068800353999149
2.473760539447062,6.069469474761054
2.4762174000948542,6.070129395393475
2.478674133752971,6.0707801158333625
2.48113074043454,6.071421636017684
2.4835872201526863,6.072053955883411
2.4860435729205337,6.072677075367528
2.4884997987512016,6.073290994407027
2.490955897657809,6.073895712938912
2.493411869653474,6.074491230900194
2.49586771475131,6.0750775482279
2.4983234329644306,6.075654664859057
2.500779024305945,6.076222580730709
2.5032344887889626,6.0767812957799086
2.505689826426591,6.0773308099437156
2.5081450372319343,6.077871123159203
2.5106001212180953,6.078402235363452
2.5130550783981738,6.078924146493552
2.5155099087852686,6.0794368564866055
2.5179646123924764,6.07994036527972
2.5204191892328915,6.080434672810019
2.5228736393196076,6.080919779014629
2.5253279626657132,6.081395683830692
2.5277821592842975,6.081862387195356
2.5302362291884477,6.082319889045779
2.532690172391247,6.0827681893191325
2.535143988905778,6.083207287952592
2.537597678745121,6.083637184883348
2.5400512419223538,6.084057880048598
2.542504678450553,6.084469373385547
2.544957988342793,6.084871664831416
2.5474111716121457,6.08526475432343
2.549864228271682,6.0856486417988265
2.552317158334469,6.086023327194852
2.5547699618135735,6.086388810448761
2.557222638722059,6.086745091497822
2.5596751890729887,6.08709217027931
2.5621276128794204,6.087430046730511
2.5645799101544133,6.087758720788719
2.567032080911024,6.088078192391238
2.569484125162307,6.088388461475384
2.5719360429213127,6.08868952797848
2.5743878342010924,6.088981391837862
2.576839499014693,6.089264052990872
2.57929103737516,6.089537511374862
2.581742449295538,6.089801766927198
2.584193734788869,6.09005681958525
2.586644893868193,6.090302669286402
2.589095926546547,6.090539315968044
2.5915468328369675,6.090766759567581
2.593997612752488,6.090985000022421
2.5964482663061412,6.091194037269989
2.5988987935109553,6.091393871247712
2.601349194379959,6.091584501893032
2.603799468926178,6.091765929143398
2.6062496171626357,6.0919381529362715
2.6086996391023543,6.09210117320912
2.6111495347583524,6.092254989899425
2.613599304143649,6.092399602944673
2.61604894727126,6.092535012282363
2.618498464154197,6.092661217850005
2.620947854805474,6.092778219585117
2.6233971192380996,6.092886017425224
2.62584625746508,6.092984611307864
2.628295269499423,6.093074001170585
2.6307441553541318,6.093154186950942
2.6331929150422066,6.0932251685865015
2.6356415485766482,6.093286946014839
2.6380900559704537,6.093339519173539
2.640538437236619,6.093382888000199
2.642986692388138,6.093417052432421
2.6454348214380006,6.09344201240782
2.6478828243991988,6.093457767864022
2.650330701284718,6.093464318738658
2.652778452107545,6.093461664969372
2.655226076880662,6.093449806493816
2.6576735756170518,6.093428743249655
2.660120948329693,6.093398475174559
2.662568195031565,6.09335900220621
2.6650153157356407,6.0933103242823
2.667462310454895,6.09325244134053
2.6699091792022998,6.093185353318611
2.672355921990823,6.093109060154261
2.674802538833433,6.093023561785211
2.6772490297430958,6.092928858149202
2.6796953947327746,6.092824949183981
2.68214163381543,6.092711834827307
2.684587747004022,6.09258951501695
2.6870337343115085,6.092457989690686
2.689479595750845,6.092317258786304
2.691925331334984,6.0921673222416
2.694370941076877,6.09200817999438
2.696816424989474,6.091839831982463
2.699261783085723,6.091662278143671
2.701707015378569,6.091475518415846
2.7041521218809557,6.091279552736826
2.7065971026058246,6.091074381044469
2.7090419575661153,6.090860003276636
2.711486686774765,6.090636419371204
2.7139312902447092,6.090403629266056
2.7163757679888807,6.090161632899087
2.718820120020212,6.089910430208198
2.7212643463516333,6.089650021131299
2.7237084469960693,6.089380405606314
2.726152421966449,6.089101583571176
2.7285962712756926,6.088813554963822
2.731039994936724,6.088516319722206
2.733483592962462,6.088209877784287
2.7359270653658245,6.0878942290880325
2.7383704121597257,6.087569373571423
2.7408136333570807,6.0872353111724475
2.743256728970801,6.086892041829106
2.7456996990137954,6.086539565479406
2.7481425434989717,6.086177882061364
2.7505852624392353,6.085806991513005
2.75302785584749,6.085426893772367
2.755470323736638,6.085037588777497
2.7579126661195783,6.084639076466448
2.7603548830092084,6.08423135677729
2.762796974418425,6.083814429648094
2.7652389403601205,6.083388295016947
2.7676807808471877,6.082952952821941
2.770122495892515,6.08250840300118
2.772564085508991,6.082054645492775
2.775005549709501,6.08159168023485
2.7774468885069292,6.081119507165537
2.7798881019141573,6.080638126222978
2.7823291899440648,6.080147537345325
2.7847701526095294,6.079647740470735
2.787210989923427,6.079138735537381
2.7896517018986318,6.078620522483441
2.792092288548015,6.078093101247107
2.794532749884447,6.077556471766575
2.796973085920795,6.077010633980054
2.7994132966699254,6.076455587825762
2.8018533821447025,6.075891333241924
2.8042933423579877,6.07531787016678
2.8067331773226405,6.0747351985385745
2.809172887051519,6.074143318295563
2.8116124715574804,6.073542229376012
2.8140519308533776,6.072931931718196
2.8164912649520635,6.0723124252604
2.8189304738663865,6.071683709940916
2.821369557609195,6.071045785698049
2.8238085161933366,6.07039865247011
2.826247349631654,6.069742310195423
2.8286860579369906,6.069076758812318
2.8311246411221855,6.068401998259138
2.8335630992000773,6.067718028474235
2.8360014321835014,6.067024849395964
2.8384396400852934,6.0663224609627
2.840877722918285,6.065610863112817
2.8433156806953064,6.064890055784709
2.845753513429185,6.064160038916773
2.8481912211327485,6.063420812447415
2.8506288038188203,6.062672376315051
2.8530662615002242,6.0619147304581125
2.8555035941897784,6.06114787481503
2.8579408019003023,6.060371809324253
2.8603778846446137,6.059586533924235
2.862814842435526,6.05879204855344
2.865251675285851,6.057988353150343
2.8676883832084004,6.057175447653428
2.870124966215982,6.056353332001186
2.872561424321403,6.0555220061321196
2.8749977575374683,6.05468146998474
2.87743396587698,6.053831723497571
2.879870049352739,6.052972766609142
2.8823060079775447,6.0521045992579925
2.8847418417641926,6.051227221382671
2.8871775507254784,6.050340632921738
2.889613134874194,6.049444833813765
2.8920485942231315,6.048539823997327
2.894483928785079,6.04762560341101
2.896919138572823,6.04670217199341
2.899354223599149,6.045769529683139
2.9017891838768413,6.044827676418807
2.904224019418678,6.043876612139042
2.9066587302374414,6.042916336782478
2.909093316345906,6.041946850287759
2.9115277777568487,6.040968152593537
2.913962114483041,6.039980243638478
2.9163963265372557,6.038983123361254
2.918830413932262,6.037976791700544
2.9212643766808264,6.0369612485950395
2.923698214795715,6.035936493983441
2.9261319282896907,6.03490252780446
2.928565517175515,6.033859349996814
2.930998981465948,6.032806960499234
2.933432321173745,6.031745359250454
2.935865536311664,6.0306745461892275
2.938298626892457,6.029594521254307
2.9407315929288775,6.028505284384461
2.943164434433673,6.027406835518464
2.945597151419593,6.026299174595103
2.948029743899382,6.02518230155317
2.9504622118857844,6.024056216331471
2.9528945553915413,6.022920918868819
2.9553267744293943,6.021776409104035
2.9577588690120793,6.020622686975956
2.9601908391523337,6.019459752423417
2.962622684862892,6.018287605385274
2.9650544061564843,6.0171062458003854
2.967486003045842,6.015915673607624
2.969917475543692,6.014715888745863
2.9723488236627618,6.013506891153995
2.9747800474157744,6.012288680770915
2.9772111468154536,6.011061257535532
2.979642121874519,6.009824621386764
2.982072972605689,6.008578772263535
2.9845036990216802,6.0073237101047825
2.986934301135207,6.006059434849448
2.9893647789589815,6.004785946436485
2.991795132505715,6.003503244804862
2.9942253617881156,6.002211329893549
2.996655466818891,6.000910201641528
2.999085447610746,5.99959985998779
3.0015153041763813,5.998280304871337
3.0039450365285,5.996951536231179
3.0063746446798,5.995613554006333
3.0088041286429776,5.994266358135831
3.0112334884307286,5.992909948558712
3.013662724055746,5.991544325214021
3.0160918355307205,5.9901694880408165
3.018520822868343,5.988785436978165
3.020949686081299,5.9873921719651415
3.0233784251822735,5.985989692940832
3.0258070401839507,5.98457799984433
3.0282355310990114,5.983157092614739
3.0306638979401357,5.981726971191172
3.0330921407200004,5.980287635512752
3.035520259451282,5.97883908551861
3.0379482541466527,5.977381321147887
3.040376124818785,5.975914342339735
3.0428038714803494,5.974438149033311
3.045231494144012,5.972952741167787
3.04765899282244,5.971458118682338
3.0500863675282965,5.969954281516152
3.052513618274244,5.968441229608429
3.0549407450729427,5.966918962898373
3.0573677479370502,5.9653874813252
3.059794626879223,5.963846784828136
3.0622213819121145,5.962296873346413
3.064648013048378,5.960737746819276
3.0670745203006646,5.9591694051859765
3.0695009036816208,5.957591848385779
3.071927163203893,5.956005076357952
3.074353298880127,5.954409089041778
3.076779310722964,5.952803886376545
3.0792051987450457,5.951189468301554
3.0816309629590113,5.9495658347561164
3.084056603377497,5.947932985679543
3.0864821200131383,5.946290921011167
3.088907512878566,5.944639640690322
3.0913327819864134,5.9429791446563565
3.093757927349308,5.941309432848623
3.0961829489798776,5.939630505206486
3.0986078468907476,5.937942361669319
3.101032621094541,5.936245002176506
3.103457271603879,5.934538426667437
3.105881798431381,5.932822635081517
3.108306201589665,5.931097627358154
3.110730481091345,5.92936340343677
3.1131546369490364,5.927619963256792
3.1155786691753495,5.925867306757658
3.1180025777828955,5.924105433878817
3.12042636278428,5.922334344559728
3.1228500241921107,5.920554038739855
3.125273562018991,5.9187645163586735
3.1276969762775226,5.916965777355668
3.1301202669803065,5.915157821670336
3.13254343413994,5.913340649242178
3.1349664777690194,5.911514260010706
3.1373893978801393,5.909678653915443
3.139812194485892,5.907833830895919
3.142234867598868,5.905979790891675
3.144657417231656,5.90411653384226
3.1470798433968423,5.902244059687234
3.149502146107012,5.900362368366164
3.1519243253747473,5.898471459818627
3.1543463812126293,5.8965713339842125
3.1567683136332376,5.894661990802514
3.1591901226491474,5.892743430213136
3.1616118082729363,5.890815652155691
3.164033370517175,5.888878656569808
3.166454809394436,5.886932443395115
3.1688761249172885,5.884977012571254
3.1712973170983,5.883012364037878
3.173718385950035,5.8810384977346475
3.1761393314850577,5.879055413601232
3.17856015371593,5.87706311157731
3.1809808526552112,5.8750615916025675
3.1834014283154586,5.8730508536167045
3.1858218807092293,5.871030897559425
3.1882422098490766,5.869001723370446
3.1906624157475534,5.866963330989492
3.193082498417209,5.864915720356297
3.19550245787059,5.862858891410604
3.1979222941202448,5.860792844092169
3.2003420071787176,5.85871757834075
3.202761597058551,5.856633094096116
3.2051810637722844,5.854539391298052
3.207600407332457,5.852436469886343
3.2100196277516044,5.850324329800789
3.2124387250422637,5.8482029709812
3.2148576992169664,5.8460723933673915
3.217276550288243,5.8439325968991875
3.219695278268624,5.841783581516425
3.222113883170635,5.839625347158948
3.224532365006803,5.83745789376661
3.226950723789649,5.835281221279274
3.229368959531697,5.833095329636812
3.2317870722454645,5.830900218779105
3.234205061943469,5.8286958886460445
3.2366229286382278,5.826482339177527
3.2390406723422536,5.824259570313463
3.241458293068058,5.822027581993769
3.243875790828152,5.819786374158373
3.2462931656350427,5.8175359467472125
3.248710417501236,5.815276299700232
3.251127546439237,5.813007432957386
3.253544552461548,5.810729346458637
3.2559614355806676,5.808442040143959
3.2583781958090965,5.806145513953331
3.2607948331593297,5.803839767826749
3.2632113476438636,5.8015248017042085
3.2656277392751893,5.799200615525722
3.2680440080657993,5.796867209231306
3.2704601540281817,5.794524582760991
3.272876177174823,5.792172736054812
3.2752920775182086,5.789811669052815
3.277707855070823,5.787441381695056
3.2801235098451462,5.785061873921599
3.2825390418536573,5.782673145672516
3.2849544511088347,5.780275196887891
3.287369737623154,5.777868027507815
3.2897849014090887,5.775451637472389
3.292199942479111,5.773026026721723
3.2946148608456904,5.770591195195935
3.297029656521295,5.768147142835156
3.299444329518391,5.765693869579522
3.3018588798494437,5.763231375369178
3.3042733075269135,5.760759660144281
3.306687612563262,5.758278723844994
3.3091017949709474,5.755788566411492
3.3115158547624266,5.753289187783959
3.313929791950154,5.750780587902585
3.316343606546583,5.7482627667075725
3.318757298564164,5.745735724139132
3.321170868015346,5.7431994601374825
3.3235843149125768,5.740653974642853
3.3259976392683006,5.738099267595478
3.3284108410949615,5.73553533893561
3.330823920405001,5.732962188603499
3.333236877210859,5.730379816539413
3.3356497115249724,5.7277882226836265
3.3380624233597773,5.725187406976421
3.340475012727708,5.722577369358088
3.3428874796411963,5.719958109768929
3.345299824112672,5.717329628149254
3.347712046154563,5.714691924439385
3.350124145779296,5.712044998579648
3.3525361229992954,5.709388850510382
3.3549479778269844,5.7067234801719335
3.3573597102747823,5.704048887504659
3.359771320355109,5.701365072448921
3.362182808080381,5.698672034945093
3.364594173463013,5.695969774933561
3.367005416515419,5.693258292354716
3.3694165372500087,5.6905375871489605
3.371827535679192,5.687807659256701
3.374238411815376,5.68506850861836
3.376649165670968,5.682320135174366
3.3790597972583707,5.679562538865153
3.381470306589985,5.676795719631171
3.3838806936782118,5.674019677412871
3.3862909585354477,5.671234412150724
3.38870110117409,5.6684399237852015
3.391111121606533,5.665636212256785
3.393521019845168,5.662823277505965
3.3959307959023866,5.660001119473245
3.3983404497905765,5.657169738099136
3.4007499815221247,5.654329133324151
3.4031593911094165,5.651479305088822
3.4055686785648343,5.648620253333685
3.407977843900758,5.645751977999287
3.4103868871295693,5.642874479026184
3.4127958082636436,5.639987756354938
3.4152046073153564,5.637091809926122
3.4176132842970817,5.634186639680318
3.420021839221191,5.63127224555812
3.4224302721000535,5.628348627500125
3.4248385829460366,5.625415785446945
3.4272467717715087,5.622473719339197
3.429654838588832,5.619522429117508
3.432062783410369,5.616561914722515
3.4344706062484796,5.613592176094864
3.436878307115523,5.610613213175206
3.439285886023855,5.607625025904208
3.4416933429858316,5.604627614222541
3.4441006780138035,5.601620978070888
3.446507891120124,5.598605117389937
3.4489149823171417,5.595580032120389
3.4513219516172025,5.592545722202953
3.453728799032653,5.589502187578347
3.456135524575836,5.586449428187295
3.458542128259093,5.583387443970533
3.4609486100947637,5.580316234868805
3.4633549700951862,5.5772358008228675
3.4657612082726965,5.57414614177348
3.4681673246396283,5.571047257661417
3.4705733192083135,5.567939148427456
3.4729791919910835,5.5648218140123875
3.4753849430002663,5.561695254357011
3.477790572248188,5.558559469402133
3.480196079747175,5.55541445908857
3.482601465509547,5.5522602233571465
3.485006729547628,5.549096762148698
3.4874118718737357,5.545924075404068
3.4898168925001873,5.5427421630641085
3.492221791439299,5.539551025069683
3.4946265687033833,5.536350661361657
3.497031224304752,5.533141071880912
3.4994357582557156,5.52992225656834
3.50184017056858,5.5266942153648335
3.5042444612556536,5.5234569482113
3.5066486303292392,5.520210455048655
3.5090526778016398,5.516954735817824
3.5114566036851556,5.513689790459738
3.5138604079920848,5.51041561891534
3.5162640907347247,5.50713222112558
3.5186676519253695,5.503839597031421
3.521071091576312,5.50053774657383
3.523474409699844,5.4972266696937835
3.5258776063082546,5.493906366332271
3.5282806814138303,5.490576836430287
3.530683635028858,5.487238079928836
3.533086467165621,5.48389009676893
3.5354891778364,5.480532886891595
3.5378917670534755,5.47716645023786
3.5402942348291258,5.473790786748768
3.5426965811756266,5.470405896365366
3.5450988061052517,5.467011779028715
3.5475009096302754,5.463608434679878
3.549902891762967,5.4601958632599334
3.5523047525155955,5.456774064709971
3.554706491900428,5.453343038971081
3.5571081099297293,5.449902785984366
3.5595096066157628,5.44645330569094
3.5619109819707893,5.442994598031922
3.5643122360070683,5.439526662948443
3.5667133687368575,5.436049500381641
3.5691143801724126,5.432563110272664
3.5715152703259876,5.429067492562669
3.5739160392098337,5.425562647192819
3.576316686836203,5.422048574104291
3.578717213217342,5.418525273238269
3.5811176183654987,5.414992744535944
3.5835179022929164,5.411450987938517
3.585918065011838,5.407900003387199
3.588318106534505,5.404339790823209
3.5907180268731556,5.400770350187774
3.5931178260400274,5.3971916814221315
3.5955175040473564,5.393603784467527
3.597917060907375,5.3900066592652145
3.600316496632315,5.386400305756459
3.602715811234407,5.382784723882531
3.605115004725878,5.379159913584713
3.6075140771189544,5.375525874804295
3.6099130284258605,5.371882607482575
3.612311858658818,5.368230111560863
3.6147105678300475,5.364568386980474
3.6171091559517685,5.360897433682734
3.6195076230361978,5.357217251608979
3.6219059690955495,5.353527840700552
3.624304194142037,5.349829200898805
3.626702298187871,5.346121332145099
3.6291002812452624,5.342404234380804
3.6314981433264175,5.338677907547299
3.6338958844435423,5.334942351585972
3.6362935046088407,5.33119756643822
3.6386910038345146,5.327443552045448
3.6410883821327653,5.323680308349071
3.64348563951579,5.319907835290512
3.645882775995786,5.316126132811204
3.648279791584947,5.312335200852589
3.650676686295466,5.308535039356113
3.653073460139534,5.304725648263239
3.65547011312934,5.300907027515431
3.657866645277072,5.297079177054169
3.660263056594915,5.293242096820936
3.6626593470950524,5.289395786757228
3.665055516789666,5.285540246804545
3.6674515656909357,5.281675476904402
3.669847493811039,5.277801476998319
3.6722433011621525,5.273918247027824
3.674638987756451,5.2700257869344584
3.6770345536061075,5.266124096659767
3.679429998723292,5.2622131761453055
3.6818253231201723,5.258293025332639
3.684220526808916,5.254363644163344
3.68661560980169,5.250425032579
3.6890105721106554,5.2464771905212
3.691405413747974,5.242520117931543
3.693800134725807,5.238553814751638
3.6961947350563116,5.234578280923105
3.6985892147516424,5.230593516387568
3.7009835738239545,5.2265995210866665
3.7033778122854004,5.222596294962042
3.7057719301481304,5.2185838379553475
3.7081659274242944,5.214562150008247
3.710559804126037,5.210531231062407
3.712953560265503,5.206491081059512
3.715347195854837,5.2024416999412475
3.71774071090618,5.198383087649314
3.7201341054316712,5.194315244125414
3.722527379443448,5.190238169311262
3.7249205329536466,5.186151863148584
3.7273135659744017,5.182056325579113
3.729706478517844,5.177951556544588
3.7320992705961045,5.173837555986761
3.734491942221312,5.169714323847391
3.7368844934055914,5.165581860068245
3.739276924161069,5.161440164591099
3.7416692344998674,5.157289237357738
3.7440614244341086,5.153129078309956
3.746453493975911,5.1489596873895564
3.748845443137392,5.14478106453835
3.751237271930668,5.140593209698158
3.7536289803678513,5.136396122810809
3.7560205684610546,5.132189803818143
3.758412036222389,5.127974252662006
3.7608033836639616,5.12374946928425
3.7631946107978793,5.119515453626743
3.765585717636247,5.115272205631357
3.767976704191168,5.111019725239974
3.7703675704747424,5.106758012394485
3.7727583164990697,5.102487067036788
3.7751489422762474,5.098206889108791
3.7775394478183713,5.093917478552414
3.779929833137534,5.089618835309579
3.7823200982458287,5.085310959322222
3.7847102431553448,5.080993850532288
3.7871002678781704,5.076667508881726
3.789490172426393,5.072331934312499
3.7918799568120964,5.067987126766572
3.7942696210473628,5.063633086185929
3.7966591651442743,5.0592698125125555
3.7990485891149093,5.054897305688446
3.801437892971345,5.050515565655603
3.803827076725657,5.046124592356043
3.80621614038992,5.041724385731787
3.8086050839762042,5.037314945724864
3.81099390749658,5.032896272277317
3.813382610963117,5.028468365331192
3.8157711943878807,5.024031224828545
3.8181596577829353,5.019584850711443
3.820548001160343,5.015129242921962
3.8229362245321656,5.010664401402182
3.8253243279104625,5.006190326094197
3.827712311307291,5.001707016940107
3.830100174734707,4.9972144738820194
3.8324879182047624,4.992712696862055
3.83487554172951,4.9882016858223395
3.837263045321,4.983681440705008
3.8396504289912805,4.979151961452205
3.842037692752398,4.974613248006083
3.844424836616397,4.970065300308804
3.84681186059532,4.9655081183025365
3.8491987647012085,4.960941701929462
3.851585548946101,4.956366051131767
3.853972213342036,4.951781165851649
3.856358757901048,4.947187046031313
3.85874518263517,4.942583691612973
3.8611314875564355,4.937971102538849
3.8635176726768736,4.933349278751175
3.8659037380085137,4.928718220192191
3.8682896835633813,4.924077926804145
3.870675509353501,4.919428398529296
3.8730612153908948,4.914769635309906
3.8754468016875854,4.910101637088253
3.877832268255591,4.90542440380662
3.880217615106929,4.900737935407299
3.882602842253615,4.896042231832589
3.8849879497076634,4.891337293024804
3.8873729374810866,4.886623118926259
3.889757805585893,4.881899709479282
3.8921425540340926,4.877167064626206
3.894527182837691,4.872425184309379
3.896911692008693,4.867674068471152
3.8992960815591022,4.862913717053887
3.901680351500919,4.858144129999953
3.904064501846143,4.853365307251729
3.906448532606772,4.848577248751605
3.9088324437948017,4.843779954441974
3.9112162354222257,4.838973424265244
3.913599907501036,4.834157658163828
3.9159834600432233,4.8293326560801475
3.918366893060776,4.824498417956633
3.920750206565681,4.819654943735726
3.9231334005699225,4.814802233359871
3.9255164750854843,4.809940286771529
3.927899430124347,4.805069103913165
3.9302822656984904,4.80018868472725
3.932664981819893,4.795299029156269
3.93504757850053,4.790400137142716
3.937430055752375,4.785492008629089
3.939812413587401,4.7805746435578955
3.942194652017578,4.775648041871654
3.944576771054874,4.770712203512891
3.946958770711257,4.765767128424141
3.9493406509986912,4.760812816547945
3.951722411929141,4.75584926782686
3.954104053514568,4.750876482203443
3.9564855757669313,4.745894459620264
3.9588669786981887,4.740903200019903
3.961248262320296,4.735902703344944
3.963629426645208,4.730892969537983
3.9660104716848767,4.725873998541624
3.9683913974512532,4.720845790298479
3.9707722039562867,4.715808344751171
3.973152891211924,4.7107616618423265
3.97553345923011,4.705705741514586
3.9779139080227877,4.700640583710595
3.980294237601901,4.695566188373011
3.982674447979388,4.690482555444497
3.9850545391671877,4.685389684867724
3.987434511177236,4.680287576585376
3.989814364021467,4.675176230540142
3.992194097711814,4.670055646674721
3.9945737122602085,4.664925824931821
3.996953207678579,4.6597867652541565
3.9993325839788536,4.654638467584452
4.0017118411729555,4.649480931865441
4.004090979272811,4.644314158039864
4.006469998290342,4.639138146050473
4.008848898237468,4.633952895840026
4.011227679126108,4.628758407351291
4.013606340968179,4.623554680527042
4.0159848837755945,4.618341715310065
4.01836330756027,4.613119511643153
4.020741612334112,4.607888069469106
4.023119798109034,4.602647388730739
4.025497864896942,4.597397469370867
4.027875812709744,4.592138311332319
4.030253641559342,4.586869914557933
4.032631351457638,4.581592278990549
4.035008942416535,4.576305404573024
4.03738641444793,4.571009291248217
4.03976376756372,4.5657039389589995
4.042141001775803,4.560389347648252
4.044518117096066,4.555065517258861
4.046895113536406,4.549732447733722
4.049271991108713,4.544390139015741
4.051648749824872,4.539038591047831
4.05402538969677,4.533677803772912
4.056401910736294,4.528307777133916
4.058778312955325,4.522928511073784
4.061154596365744,4.517540005535459
4.063530760979429,4.512142260461898
4.065906806808259,4.506735275796068
4.068282733864107,4.501319051480942
4.070658542158848,4.4958935874595
4.073034231704357,4.490458883674731
4.075409802512501,4.485014940069637
4.07778525459515,4.479561756587224
4.080160587964169,4.474099333170509
4.0825358026314245,4.4686276697625145
4.084910898608782,4.4631467663062745
4.0872858759080986,4.45765662274483
4.089660734541236,4.452157239021233
4.092035474520049,4.446648615078538
4.094410095856396,4.441130750859816
4.096784598562132,4.435603646308142
4.09915898264911,4.4300673013665985
4.1015332481291775,4.424521715978281
4.103907395014185,4.4189668900862875
4.1062814233159814,4.413402823633729
4.10865533304641,4.407829516563726
4.111029124217315,4.4022469688194015
4.113402796840538,4.396655180343894
4.115776350927918,4.391054151080347
4.118149786491298,4.385443880971911
4.120523103542507,4.379824369961747
4.122896302093387,4.374195617993025
4.125269382155764,4.368557625008925
4.127642343741475,4.36291039095263
4.130015186862347,4.357253915767337
4.132387911530208,4.351588199396248
4.134760517756884,4.345913241782577
4.1371330055541975,4.340229042869544
4.139505374933972,4.334535602600377
4.141877625908029,4.328832920918315
4.144249758488185,4.323120997766603
4.146621772686258,4.317399833088495
4.148993668514065,4.311669426827255
4.1513654459834175,4.305929778926152
4.153737105106129,4.30018088932847
4.156108645894007,4.294422757977493
4.158480068358862,4.28865538481652
4.160851372512499,4.282878769788859
4.163222558366723,4.277092912837818
4.165593625933335,4.271297813906725
4.167964575224139,4.265493472938907
4.170335406250932,4.259679889877705
4.172706119025515,4.253857064666467
4.175076713559679,4.248024997248548
4.17744718986522,4.242183687567317
4.179817547953933,4.236333135566143
4.182187787837604,4.230473341188408
4.184557909528024,4.224604304377501
4.186927913036981,4.2187260250768235
4.18929779837626,4.212838503229783
4.191667565557643,4.2069417387797925
4.194037214592913,4.201035731670278
4.1964067454938485,4.195120481844669
4.198776158272229,4.18919598924641
4.201145452939829,4.18326225381895
4.203514629508427,4.177319275505745
4.205883687989793,4.171367054250264
4.208252628395699,4.165405589995979
4.2106214507379125,4.159434882686374
4.212990155028202,4.153454932264942
4.215358741278336,4.147465738675181
4.217727209500075,4.141467301860604
4.220095559705183,4.1354596217647215
4.222463791905421,4.129442698331062
4.2248319061125486,4.123416531503162
4.227199902338319,4.11738112122456
4.229567780594491,4.11133646743881
4.231935540892817,4.105282570089468
4.234303183245047,4.0992194291201045
4.236670707662934,4.093147044474293
4.239038114158225,4.087065416095619
4.241405402742667,4.080974543927676
4.243772573428003,4.074874427914064
4.246139626225978,4.068765067998395
4.248506561148334,4.062646464124287
4.250873378206808,4.0565186162353655
4.253240077413141,4.050381524275266
4.255606658779066,4.044235188187631
4.257973122316316,4.0380796079161145
4.2603394680366256,4.031914783404375
4.262705695951728,4.025740714596082
4.265071806073348,4.019557401434911
4.267437798413216,4.01336484386455
4.2698036729830555,4.007163041828692
4.272169429794589,4.00095199527104
4.274535068859541,3.994731704135305
4.276900590189632,3.9885021683652058
4.279265993796576,3.9822633879044695
4.281631279692095,3.9760153626968315
4.283996447887903,3.969758092686037
4.286361498395712,3.9634915778158395
4.288726431227235,3.957215818029999
4.291091246394181,3.9509308132722847
4.293455943908257,3.9446365634864757
4.29582052378117,3.938333068616359
4.298184986024623,3.9320203286057276
4.300549330650321,3.925698343398386
4.302913557669962,3.9193671129381453
4.305277667095249,3.913026637168825
4.307641658937878,3.9066769160342547
4.3100055332095435,3.9003179494782696
4.31236928992194,3.893949737444715
4.314732929086761,3.887572279877445
4.317096450715696,3.8811855767203203
4.319459854820436,3.8747896279172127
4.321823141412667,3.8683844334119986
4.324186310504071,3.8619699931485663
4.326549362106334,3.8555463070708123
4.328912296231139,3.849113375122638
4.331275112890164,3.842671197247956
4.333637812095089,3.8362197733906873
4.33600039385759,3.829759103494761
4.338362858189342,3.823289187504113
4.340725205102017,3.81681002536269
4.343087434607288,3.810321617014445
4.345449546716822,3.803823962403341
4.347811541442289,3.797317061473348
4.350173418795356,3.7908009141684444
4.352535178787686,3.784275520432618
4.35489682143094,3.7777408802098646
4.357258346736782,3.771196993444187
4.35961975471687,3.764643860079599
4.36198104538286,3.7580814800601208
4.364342218746411,3.75150985332978
4.366703274819173,3.7449289798326166
4.369064213612801,3.738338859512674
4.371425035138945,3.731739492314008
4.3737857394092545,3.725130878180679
4.376146326435376,3.718513017056759
4.378506796228953,3.7118859088863267
4.38086714880163,3.70524955361347
4.383227384165051,3.6986039511822835
4.385587502330854,3.6919491015368715
4.387947503310678,3.685285004621347
4.390307387116158,3.67861166037983
4.39266715375893,3.671929068756449
4.395026803250628,3.665237229695343
4.397386335602884,3.6585361431406556
4.399745750827327,3.651825809036541
4.402105048935583,3.645106227327162
4.40446422993928,3.6383773979566896
4.406823293850043,3.631639320869303
4.4091822406794945,3.624891996009188
4.411541070439255,3.6181354233205405
4.413899783140943,3.6113696027475655
4.4162583787961776,3.6045945342344736
4.418616857416574,3.5978102177254856
4.420975219013746,3.5910166531648304
4.423333463599307,3.5842138404967447
4.425691591184866,3.577401779665474
4.428049601782034,3.5705804706152726
4.430407495402416,3.5637499132904007
4.432765272057618,3.5569101076351304
4.435122931759245,3.550061053593739
4.437480474518898,3.543202751110514
4.439837900348177,3.5363352001297503
4.442195209258682,3.529458400595751
4.44455240126201,3.5225723524528285
4.446909476369754,3.5156770556453014
4.449266434593509,3.508772510117498
4.451623275944867,3.501858715813757
4.4539800004354175,3.494935672678421
4.456336608076749,3.4880033806558433
4.458693098880445,3.481061839690386
4.461049472858094,3.474111049726418
4.463405730021277,3.467151010708317
4.465761870381577,3.46018172258047
4.468117893950572,3.453203185287272
4.470473800739843,3.4462153987731243
4.472829590760962,3.4392183629824378
4.475185264025509,3.432212077859632
4.477540820545049,3.4251965433491343
4.479896260331158,3.4181717593953813
4.482251583395404,3.411137725942817
4.484606789749356,3.4040944429358935
4.486961879404578,3.3970419103190705
4.489316852372634,3.3899801280368176
4.491671708665089,3.3829090960336115
4.494026448293501,3.375828814253937
4.49638107126943,3.368739282642288
4.498735577604432,3.361640501143168
4.501089967310066,3.354532469701084
4.503444240397882,3.3474151882605567
4.505798396879434,3.340288656766112
4.508152436766272,3.3331528751622836
4.510506360069945,3.3260078433936155
4.512860166801999,3.318853561404659
4.515213856973979,3.311690029139973
4.51756743059743,3.3045172465441257
4.519920887683894,3.2973352135616936
4.522274228244909,3.2901439301372593
4.524627452292013,3.2829433962154164
4.526980559836748,3.2757336117407654
4.529333550890644,3.2685145766579153
4.531686425465235,3.2612862909114826
4.534039183572054,3.2540487544460928
4.53639182522263,3.2468019672063804
4.5387443504284875,3.239545929136986
4.541096759201159,3.23228064018256
4.543449051552167,3.2250061002877604
4.545801227493033,3.2177223093972542
4.54815328703528,3.2104292674557158
4.550505230190426,3.2031269744078275
4.552857056969991,3.1958154301982815
4.555208767385488,3.188494634771776
4.557560361448435,3.181164588073019
4.5599118391703435,3.1738252900467265
4.5622632005627235,3.1664767406376213
4.564614445637084,3.1591189397904365
4.566965574404934,3.1517518874499117
4.569316586877778,3.1443755835607967
4.571667483067121,3.1369900280678467
4.574018262984466,3.129595220915827
4.57636892664131,3.12219116204951
4.578719474049158,3.1147778514136797
4.581069905219502,3.1073552889531233
4.583420220163842,3.0999234746126385
4.585770418893671,3.0924824083370317
4.5881205014204784,3.0850320900711163
4.5904704677557575,3.077572519759715
4.592820317910997,3.070103697347658
4.595170051897682,3.062625622779785
4.597519669727299,3.0551382960009414
4.599869171411331,3.0476417169559826
4.602218556961261,3.040135885589772
4.604567826388571,3.0326208018471807
4.606916979704738,3.0250964656730885
4.6092660169212385,3.017562877012382
4.611614938049548,3.010020035809958
4.613963743101139,3.0024679420107194
4.616312432087484,2.9949065955595797
4.618661005020051,2.9873359964014585
4.621009461910314,2.9797561444812843
4.6233578027697355,2.972167039743994
4.625706027609781,2.964568682134533
4.628054136441914,2.956961071597853
4.630402129277597,2.949344208078916
4.632750006128288,2.9417180915226915
4.635097767005447,2.934082721874156
4.637445411920528,2.9264380990782968
4.639792940884989,2.918784223080106
4.642140353910283,2.9111210938245846
4.644487651007858,2.903448711256745
4.646834832189167,2.8957670753216047
4.649181897465657,2.8880761859641897
4.651528846848775,2.880376043129534
4.653875680349964,2.872666646762681
4.6562223979806685,2.8649479968086804
4.658568999752329,2.857220093212592
4.660915485676384,2.849482935919484
4.663261855764272,2.8417365248744297
4.66560811002743,2.8339808600225127
4.667954248477294,2.8262159413088246
4.670300271125294,2.8184417686784653
4.672646177982861,2.810658342076542
4.674991969061425,2.8028656614481715
4.677337644372415,2.7950637267384777
4.679683203927254,2.7872525378925923
4.682028647737369,2.779432094855655
4.684373975814183,2.7716023975728135
4.686719188169114,2.7637634459892255
4.689064284813583,2.7559152400500557
4.691409265759007,2.7480577797004755
4.693754131016804,2.7401910648856673
4.696098880598386,2.7323150955508186
4.698443514515167,2.7244298716411275
4.700788032778556,2.716535393101798
4.703132435399963,2.7086316598780447
4.705476722390797,2.7007186719150873
4.707820893762461,2.692796429158157
4.710164949526361,2.684864931552491
4.712508889693898,2.676924179043333
4.714852714276472,2.6689741715759383
4.7171964232854835,2.6610149090955697
4.71954001673233,2.6530463915474956
4.721883494628406,2.6450686188769943
4.724226856985107,2.637081591029352
4.726570103813823,2.6290853079498633
4.728913235125946,2.6210797695838313
4.731256250932864,2.6130649758765645
4.733599151245965,2.605040926773383
4.735941936076634,2.5970076222196123
4.738284605436254,2.5889650621605877
4.740627159336209,2.5809132465416518
4.742969597787878,2.5728521753081552
4.7453119208026395,2.564781848405457
4.747654128391873,2.5567022657789242
4.7499962205669535,2.5486134273739314
4.752338197339254,2.5405153331358616
4.754680058720145,2.5324079830101076
4.757021804720998,2.524291376942068
4.75936343535318,2.5161655148771493
4.761704950628062,2.5080303967607667
4.764046350557007,2.499886022538345
4.766387635151378,2.4917323921553156
4.768728804422538,2.483569505557117
4.771069858381846,2.475397362689198
4.77341079704066,2.4672159634970137
4.77575162041034,2.4590253079260282
4.778092328502238,2.4508253959217132
4.780432921327709,2.4426162274295478
4.7827733988981045,2.434397802395021
4.7851137612247765,2.426170120763628
4.787454008319072,2.4179331824808736
4.789794140192338,2.4096869874922704
4.792134156855922,2.4014315357433373
4.794474058321164,2.3931668271796047
4.7968138445994075,2.3848928617466054
4.799153515701992,2.3766096393898866
4.801493071640256,2.3683171600549997
4.803832512425537,2.3600154236875044
4.80617183806917,2.35170443023297
4.808511048582487,2.3433841796369737
4.810850143976822,2.335054671845098
4.813189124263504,2.3267159068029364
4.81552798945386,2.31836788445609
4.817866739559218,2.310010604750166
4.820205374590904,2.3016440676307823
4.822543894560241,2.293268273043563
4.824882299478551,2.2848832209341414
4.827220589357153,2.276488911248157
4.829558764207366,2.26808534393126
4.8318968240405065,2.2596725189291056
4.8342347688678915,2.251250436187359
4.836572598700833,2.242819095651693
4.838910313550641,2.2343784972677896
4.841247913428627,2.2259286409813357
4.843585398346101,2.2174695267380296
4.8459227683143675,2.209001154483575
4.848260023344732,2.200523524163686
4.850597163448497,2.1920366357240817
4.852934188636968,2.183540489110493
4.855271098921441,2.1750350842686554
4.857607894313216,2.166520421144314
4.859944574823587,2.1579964996832217
4.862281140463853,2.1494633198311397
4.864617591245308,2.1409208815338356
4.8669539271792415,2.1323691847370876
4.869290148276942,2.1238082293866807
4.871626254549701,2.1152380154284063
4.873962246008804,2.1066585428080664
4.876298122665534,2.09806981147147
4.878633884531178,2.0894718213644325
4.880969531617015,2.08086457243278
4.883305063934328,2.072248064622345
4.885640481494394,2.0636222978789687
4.887975784308489,2.0549872721484985
4.890310972387889,2.046342987376792
4.892646045743865,2.0376894435097137
4.894981004387692,2.0290266404931376
4.8973158483306385,2.0203545782729435
4.899650577583974,2.011673256795019
4.901985192158964,2.002982676005262
4.904319692066873,1.9942828358495766
4.906654077318966,1.985573736273876
4.9089883479265035,1.9768553772240796
4.911322503900747,1.9681277586461168
4.913656545252955,1.9593908804859235
4.915990471994383,1.9506447426894444
4.918324284136289,1.9418893452026322
4.920657981689923,1.933124687971447
4.92299156466654,1.9243507709418572
4.925325033077388,1.9155675940598385
4.927658386933715,1.9067751572713754
4.929991626246771,1.8979734605224605
4.9323247510277985,1.8891625037590938
4.93465776128804,1.8803422869272832
4.9369906570387405,1.871512809973045
4.93932343829114,1.862674072842403
4.941656105056476,1.8538260754813891
4.943988657345985,1.8449688178360433
4.9463210951709025,1.8361022998524132
4.948653418542463,1.827226521476555
4.950985627471899,1.818341482654532
4.953317721970438,1.809447183332416
4.955649702049313,1.8005436234562866
4.957981567719747,1.7916308029722314
4.960313318992967,1.7827087218263455
4.9626449558801955,1.773777379964733
4.964976478392658,1.7648367773335043
4.9673078865415725,1.7558869138787794
4.969639180338156,1.746927789546685
4.971970359793629,1.7379594042833566
4.974301424919207,1.7289817580349371
4.976632375726102,1.7199948507475773
4.978963212225525,1.7109986823674361
4.981293934428687,1.7019932528406805
4.983624542346799,1.692978562113485
4.985955035991067,1.6839546101320317
4.9882854153726965,1.6749213968425125
4.990615680502891,1.665878922191125
4.992945831392855,1.6568271861240755
4.9952758680537865,1.6477661885875785
4.997605790496888,1.6386959295278567
4.9999355987333525,1.6296164088911396
5.002265292774377,1.620527626623665
5.004594872631157,1.6114295826716794
5.006924338314883,1.6023222769814363
5.009253689836748,1.5932057094991974
5.0115829272079395,1.5840798801712324
5.013912050439646,1.5749447889438186
5.01624105954305,1.565800435763242
5.018569954529342,1.5566468205757957
5.0208987354097,1.5474839433277805
5.023227402195307,1.538311803965506
5.02555595489734,1.5291304024352887
5.027884393526977,1.519939738683454
5.030212718095394,1.510739812656334
5.032540928613766,1.50153062430027
5.034869025093265,1.4923121735616105
5.037197007545063,1.4830844603867117
5.039524875980329,1.4738474847219378
5.041852630410231,1.4646012465136615
5.044180270845934,1.4553457457082624
5.046507797298605,1.4460809822521286
5.048835209779406,1.4368069560916559
5.051162508299497,1.427523667173248
5.053489692870038,1.4182311154433167
5.055816763502185,1.4089293008482808
5.058143720207097,1.3996182233345684
5.060470562995927,1.390297882848614
5.062797291879831,1.3809682793368612
5.065123906869957,1.3716294127457604
5.067450407977456,1.36228128302177
5.069776795213476,1.3529238901113578
5.072103068589164,1.343557233960998
5.0744292281156635,1.3341813145171733
5.076755273804117,1.3247961317263723
5.079081205665666,1.315401685535094
5.0814070237114555,1.3059979758898448
5.08373272795262,1.296585002737138
5.086058318400296,1.287162766023495
5.088383795065619,1.2777312656954454
5.09070915795972,1.2682905016995265
5.093034407093733,1.2588404739822843
5.095359542478789,1.2493811824902707
5.0976845641260145,1.2399126271700471
5.100009472046537,1.2304348079681824
5.102334266251481,1.2209477248312526
5.104658946751972,1.2114513777058422
5.106983513559131,1.2019457665385436
5.109307966684077,1.1924308912759563
5.111632306137931,1.1829067518646892
5.113956531931808,1.1733733482513573
5.116280644076825,1.1638306803825837
5.118604642584094,1.1542787482050012
5.120928527464729,1.1447175516652477
5.12325229872984,1.1351470907099708
5.125575956390535,1.1255673652858251
5.127899500457923,1.1159783753394739
5.130222930943109,1.1063801208175872
5.132546247857196,1.0967726016668435
5.134869451211286,1.087155817833929
5.137192541016482,1.077529769265537
5.139515517283881,1.0678944559083698
5.1418383800245815,1.0582498777091367
5.144161129249679,1.0485960346145557
5.146483764970267,1.0389329265713512
5.148806287197438,1.029260553526257
5.151128695942286,1.0195789154260133
5.153450991215896,1.0098880122173695
5.155773173029361,1.0001878438470813
5.158095241393763,0.9904784102619132
5.160417196320187,0.9807597114086374
5.162739037819716,0.9710317472340334
5.165060765903433,0.9612945176848892
5.167382380582416,0.9515480227080001
5.1697038818677425,0.9417922622501694
5.172025269770491,0.9320272362582079
5.174346544301735,0.9222529446789346
5.176667705472547,0.9124693874591762
5.178988753294,0.902676564545767
5.181309687777161,0.892874475885549
5.183630508933102,0.8830631214253727
5.185951216772885,0.8732425011120953
5.18827181130758,0.8634126148925828
5.190592292548247,0.8535734627137085
5.19291266050595,0.8437250445223533
5.195232915191749,0.833867360265406
5.1975530566167,0.8240004098897634
5.199873084791862,0.8141241933423301
5.2021929997282905,0.8042387105700184
5.204512801437036,0.794343961519748
5.206832489929154,0.7844399461384468
5.209152065215694,0.7745266643730503
5.2114715273077055,0.7646041161705017
5.213790876216235,0.7546723014777524
5.216110111952328,0.744731220241761
5.218429234527028,0.7347808724094941
5.220748243951379,0.724821257927926
5.223067140236419,0.7148523767440389
5.22538592339319,0.7048742288048229
5.227704593432727,0.6948868140572755
5.230023150366066,0.684890132448402
5.232341594204247,0.6748841839252157
5.2346599249582955,0.6648689684347374
5.236978142639245,0.6548444859239958
5.239296247258125,0.6448107363400274
5.241614238825963,0.6347677196298764
5.243932117353786,0.6247154357405945
5.246249882852619,0.6146538846192414
5.248567535333484,0.6045830662128845
5.250885074807401,0.594502980468599
5.253202501285393,0.5844136273334678
5.255519814778476,0.5743150067545815
5.257837015297666,0.5642071186790385
5.2601541028539796,0.5540899630539448
5.2624710774584305,0.5439635398264143
5.264787939122027,0.5338278489435686
5.267104687855783,0.5236828903525367
5.269421323670704,0.5135286640004559
5.271737846577799,0.5033651698344709
5.274054256588072,0.49319240780173446
5.276370553712528,0.4830103778494065
5.278686737962167,0.4728190799246551
5.281002809347992,0.46261851397465586
5.283318767881002,0.4524086799465921
5.285634613572192,0.44218957778765505
5.287950346432557,0.43196120744504346
5.290265966473092,0.42172356886596385
5.292581473704789,0.41147666199763044
5.2948968681386415,0.4012204867872653
5.2972121497856355,0.390955043182098
5.299527318656762,0.380680331129366
5.3018423747630035,0.3703963505763145
5.304157318115345,0.36010310147019625
5.30647214872477,0.3498005837582716
5.308786866602259,0.339488797387809
5.311101471758793,0.3291677423060843
5.313415964205348,0.31883741846038116
5.315730343952901,0.30849782579799084
5.318044611012428,0.29814896426621235
5.320358765394903,0.28779083381235265
5.322672807111295,0.2774234343837259
5.324986736172573,0.2670467659276544
5.327300552589707,0.2566608283914677
5.329614256373663,0.24626562172250363
5.331927847535411,0.23586114586810716
5.334241326085908,0.22544740077563122
5.336554692036118,0.21502438639243643
5.338867945397001,0.20459210266589098
5.3411810861795175,0.19415054954337085
5.3434941143946215,0.1836997269722597
5.345807030053272,0.17323963489994876
5.348119833166423,0.16277027327383708
5.350432523745022,0.15229164204133133
5.352745101800025,0.1418037411498458
5.355057567342379,0.1313065705468025
5.357369920383031,0.12080013017963115
5.359682160932928,0.11028441999576911
5.361994289003015,0.0997594399426614
5.364306304604232,0.08922518996776073
5.366618207747521,0.07868167001852747
5.368929998443824,0.06812888004242966
5.371241676704078,0.057566819986942956
5.373553242539217,0.04699548979955076
5.375864695960179,0.03641488942774409
5.378176036977895,0.025825018819021623
5.380487265603296,0.015225877920889709
5.382798381847315,0.004617466680862357
